user_id,age,gender,occupation,zip_code,first_name,last_name,email,preferred_genre,best_rated_movie,city
1,24,M,technician,85711,Wesley,Leonard,wesley.leonard@gmail.com,Drama,202,Tucson
2,53,F,other,94043,Angela,Anderson,angela.anderson@gmail.com,Drama,251,Mountain View
3,23,M,writer,32067,Ronald,Miller,ronald.miller@gmail.com,Drama,328,Orange Park
4,24,M,technician,43537,Cesar,Le,cesar.le@outlook.com,Drama,303,Maumee
5,33,F,other,15213,Diane,Hernandez,diane.hernandez@outlook.com,Comedy,382,Pittsburgh
6,42,M,executive,98101,Spencer,Zhang,spencer.zhang@gmail.com,Drama,14,Seattle
7,57,M,administrator,91344,Adrian,Rodriguez,adrian.rodriguez@outlook.com,Drama,492,Granada Hills
8,36,M,administrator,05201,David,Choi,david.choi@gmail.com,Action,22,Bennington
9,29,M,student,01002,James,Gentry,james.gentry@outlook.com,Drama,298,Amherst
10,53,M,lawyer,90703,Kenneth,Taylor,kenneth.taylor@outlook.com,Drama,611,Cerritos
11,39,F,other,30329,Lisa,Stewart,lisa.stewart@gmail.com,Comedy,723,Atlanta
12,28,F,other,06405,Allison,Richards,allison.richards@outlook.com,Drama,735,Branford
13,47,M,educator,29206,David,Vazquez,david.vazquez@gmail.com,Drama,215,Columbia
14,45,M,scientist,55106,Michael,Roberts,michael.roberts@gmail.com,Drama,213,Saint Paul
15,49,F,educator,97301,Jacqueline,Graham,jacqueline.graham@outlook.com,Drama,754,Salem
16,21,M,entertainment,10309,Jose,Owens,jose.owens@outlook.com,Drama,64,Staten Island
17,30,M,programmer,06355,Mark,Ruiz,mark.ruiz@yahoo.com,Drama,150,Mystic
18,35,F,other,37212,Michelle,Francis,michelle.francis@outlook.com,Drama,408,Nashville
19,40,M,librarian,02138,Ernest,Miller,ernest.miller@yahoo.com,Comedy,435,Cambridge
20,42,F,homemaker,95660,Jennifer,Warren,jennifer.warren@gmail.com,Drama,87,North Highlands
21,26,M,writer,30068,Tony,Avery,tony.avery@gmail.com,Horror,558,Marietta
22,25,M,writer,40206,Johnny,Walker,johnny.walker@gmail.com,Comedy,128,Louisville
23,30,F,artist,48197,Donna,Marshall,donna.marshall@gmail.com,Drama,258,Ypsilanti
24,21,F,artist,94533,Tracie,Oneal,tracie.oneal@outlook.com,Drama,64,Fairfield
25,39,M,engineer,55107,Gregory,Shaw,gregory.shaw@gmail.com,Drama,181,Saint Paul
26,49,M,engineer,21044,James,Smith,james.smith@yahoo.com,Comedy,100,Columbia
27,40,F,librarian,30030,Yvette,Brown,yvette.brown@gmail.com,Drama,100,Decatur
28,32,M,writer,55369,Brandon,Watkins,brandon.watkins@yahoo.com,Horror,98,Osseo
29,41,M,programmer,94043,Paul,Harper,paul.harper@gmail.com,Action,286,Mountain View
30,7,M,student,55436,Christian,James,christian.james@gmail.com,Comedy,435,Minneapolis
31,24,M,artist,10003,Richard,Trevino,richard.trevino@yahoo.com,Drama,484,New York City
32,28,F,student,78741,Judith,Wilson,judith.wilson@outlook.com,Comedy,475,Austin
33,23,M,student,27510,Scott,Johnson,scott.johnson@yahoo.com,Horror,313,Carrboro
34,38,F,administrator,42141,Sarah,Jones,sarah.jones@yahoo.com,Drama,242,Glasgow
35,20,F,homemaker,42459,Stephanie,Brown,stephanie.brown@yahoo.com,Children's,300,Sturgis
36,19,F,student,93117,Amanda,Nichols,amanda.nichols@gmail.com,Drama,339,Goleta
37,23,M,student,55105,David,Hammond,david.hammond@outlook.com,Action,403,Saint Paul
38,28,F,other,54467,Margaret,Graham,margaret.graham@yahoo.com,Comedy,95,Plover
39,41,M,entertainment,01040,Frank,Henry,frank.henry@yahoo.com,Drama,352,Holyoke
40,38,M,scientist,27514,Garrett,Carroll,garrett.carroll@outlook.com,Drama,268,Chapel Hill
41,33,M,engineer,80525,Chris,Johnson,chris.johnson@gmail.com,Comedy,474,Fort Collins
42,30,M,administrator,17870,Nicholas,Miles,nicholas.miles@gmail.com,Drama,423,Selinsgrove
43,29,F,librarian,20854,Lori,Aguilar,lori.aguilar@gmail.com,Comedy,64,Potomac
44,26,M,technician,46260,Raymond,Johnson,raymond.johnson@yahoo.com,Drama,195,Indianapolis
45,29,M,programmer,50233,Michael,Mccarthy,michael.mccarthy@gmail.com,Comedy,109,Redfield
46,27,F,marketing,46538,Holly,Phillips,holly.phillips@yahoo.com,Drama,690,Leesburg
47,53,M,marketing,07102,Brandon,Elliott,brandon.elliott@outlook.com,Drama,340,Newark
48,45,M,administrator,12550,Richard,French,richard.french@yahoo.com,Drama,174,Newburgh
49,23,F,student,76111,Michelle,Lucas,michelle.lucas@outlook.com,Comedy,47,Fort Worth
50,21,M,writer,52245,Michael,Lee,michael.lee@gmail.com,Drama,253,Iowa City
51,28,M,educator,16509,Maurice,White,maurice.white@gmail.com,Drama,83,Erie
52,18,F,student,55105,Stacey,Hudson,stacey.hudson@gmail.com,Drama,1009,Saint Paul
53,26,M,programmer,55414,Joseph,Smith,joseph.smith@yahoo.com,Action,174,Minneapolis
54,22,M,executive,66315,Chris,Jones,chris.jones@yahoo.com,Action,742,
55,37,M,programmer,01331,Tyler,Coleman,tyler.coleman@gmail.com,Action,144,Athol
56,25,M,librarian,46260,Gerald,Yoder,gerald.yoder@outlook.com,Comedy,121,Indianapolis
57,16,M,none,84010,David,Brooks,david.brooks@yahoo.com,Comedy,304,Bountiful
58,27,M,programmer,52246,Benjamin,Sullivan,benjamin.sullivan@outlook.com,Drama,173,Iowa City
59,49,M,educator,08403,William,Mays,william.mays@outlook.com,Drama,196,Longport
60,50,M,healthcare,06472,Steven,Howe,steven.howe@outlook.com,Drama,427,Northford
61,36,M,engineer,30040,Timothy,Miller,timothy.miller@outlook.com,Comedy,328,Cumming
62,27,F,administrator,97214,Pamela,Green,pamela.green@yahoo.com,Drama,182,Portland
63,31,M,marketing,75240,Alexander,Aguirre,alexander.aguirre@outlook.com,Drama,100,Dallas
64,32,M,educator,43202,Randy,Mullins,randy.mullins@gmail.com,Drama,516,Columbus
65,51,F,educator,48118,Jessica,Diaz,jessica.diaz@outlook.com,Drama,196,Chelsea
66,23,M,student,80521,David,Hill,david.hill@gmail.com,Drama,181,Fort Collins
67,17,M,student,60402,Cameron,Turner,cameron.turner@outlook.com,Comedy,64,Berwyn
68,19,M,student,22904,Nicholas,Bryant,nicholas.bryant@gmail.com,Drama,237,Charlottesville
69,24,M,engineer,55337,Nicholas,Garrett,nicholas.garrett@gmail.com,Drama,256,Burnsville
70,27,M,engineer,60067,Gilbert,Garza,gilbert.garza@yahoo.com,Action,419,Palatine
71,39,M,scientist,98034,Phillip,Jordan,phillip.jordan@yahoo.com,Drama,89,Kirkland
72,48,F,administrator,73034,Kathleen,Brewer,kathleen.brewer@outlook.com,Drama,195,Edmond
73,24,M,student,41850,Cody,Williams,cody.williams@yahoo.com,Drama,657,
74,39,M,scientist,T8H1N,Troy,Weiss,troy.weiss@outlook.com,Drama,272,
75,24,M,entertainment,08816,Michael,Molina,michael.molina@yahoo.com,Comedy,1017,East Brunswick
76,20,M,student,02215,Zachary,Cordova,zachary.cordova@gmail.com,Drama,135,Boston
77,30,M,technician,29379,Eric,Ortiz,eric.ortiz@gmail.com,Drama,484,Union
78,26,M,administrator,61801,Brian,Miller,brian.miller@yahoo.com,Comedy,1160,Urbana
79,39,F,administrator,03755,Ashley,Edwards,ashley.edwards@outlook.com,Drama,100,Hanover
80,34,F,administrator,52241,Jennifer,Ford,jennifer.ford@outlook.com,Drama,466,Coralville
81,21,M,student,21218,Craig,Wong,craig.wong@yahoo.com,Comedy,282,Baltimore
82,50,M,programmer,22902,Adam,Benton,adam.benton@gmail.com,Drama,64,Charlottesville
83,40,M,other,44133,Cory,Acosta,cory.acosta@gmail.com,Comedy,281,North Royalton
84,32,M,executive,55369,Daniel,Perry,daniel.perry@gmail.com,Comedy,12,Osseo
85,51,M,educator,20003,John,Smith,john.smith@gmail.com,Drama,187,Washington
86,26,M,administrator,46005,Charles,Mckee,charles.mckee@outlook.com,Comedy,258,
87,47,M,administrator,89503,Eric,Frank,eric.frank@gmail.com,Comedy,82,Reno
88,49,F,librarian,11701,Victoria,Thompson,victoria.thompson@gmail.com,Drama,881,Amityville
89,43,F,administrator,68106,Nicole,Oneill,nicole.oneill@gmail.com,Drama,216,Omaha
90,60,M,educator,78155,James,Cox,james.cox@yahoo.com,Drama,382,Seguin
91,55,M,marketing,01913,Douglas,Newton,douglas.newton@outlook.com,Drama,423,Amesbury
92,32,M,entertainment,80525,Nicholas,Barnes,nicholas.barnes@outlook.com,Comedy,121,Fort Collins
93,48,M,executive,23112,Richard,Ramirez,richard.ramirez@outlook.com,Drama,15,Midlothian
94,26,M,student,71457,Joseph,Graham,joseph.graham@yahoo.com,Drama,651,Natchitoches
95,31,M,administrator,10707,John,Patterson,john.patterson@gmail.com,Drama,1,Tuckahoe
96,25,F,artist,75206,Kiara,Thomas,kiara.thomas@outlook.com,Comedy,91,Dallas
97,43,M,artist,98006,Gerald,Hawkins,gerald.hawkins@gmail.com,Comedy,228,Bellevue
98,49,F,executive,90291,Susan,Matthews,susan.matthews@gmail.com,Comedy,517,Venice
99,20,M,student,63129,John,Marshall,john.marshall@outlook.com,Comedy,4,Saint Louis
100,36,M,executive,90254,Ryan,Medina,ryan.medina@outlook.com,Drama,316,Hermosa Beach
101,15,M,student,05146,Raymond,Stein,raymond.stein@yahoo.com,Comedy,237,Grafton
102,38,M,programmer,30220,Sean,Ramirez,sean.ramirez@gmail.com,Comedy,195,Grantville
103,26,M,student,55108,Herbert,Phillips,herbert.phillips@gmail.com,Action,126,Saint Paul
104,27,M,student,55108,Luis,Frye,luis.frye@outlook.com,Drama,269,Saint Paul
105,24,M,engineer,94043,Gary,Walker,gary.walker@yahoo.com,Drama,258,Mountain View
106,61,M,retired,55125,Mark,Harper,mark.harper@outlook.com,Drama,97,Saint Paul
107,39,M,scientist,60466,Michael,King,michael.king@outlook.com,Mystery,340,Park Forest
108,44,M,educator,63130,Gary,Lewis,gary.lewis@yahoo.com,Drama,275,Saint Louis
109,29,M,other,55423,Sean,Kirk,sean.kirk@gmail.com,Comedy,258,Minneapolis
110,19,M,student,77840,Nicholas,Gross,nicholas.gross@outlook.com,Comedy,313,College Station
111,57,M,engineer,90630,Samuel,Price,samuel.price@gmail.com,Drama,269,Cypress
112,30,M,salesman,60613,Sean,Wolf,sean.wolf@yahoo.com,Drama,289,Chicago
113,47,M,executive,95032,Chase,Alexander,chase.alexander@gmail.com,Drama,595,Los Gatos
114,27,M,programmer,75013,Dale,Burns,dale.burns@yahoo.com,Drama,175,Allen
115,31,M,engineer,17110,Timothy,Gutierrez,timothy.gutierrez@gmail.com,Drama,8,Harrisburg
116,40,M,healthcare,97232,Andrew,Perry,andrew.perry@outlook.com,Drama,187,Portland
117,20,M,student,16125,Steve,Cunningham,steve.cunningham@yahoo.com,Comedy,268,Greenville
118,21,M,administrator,90210,Aaron,Pratt,aaron.pratt@gmail.com,Horror,200,Beverly Hills
119,32,M,programmer,67401,Chris,Watson,chris.watson@outlook.com,Drama,1153,Salina
120,47,F,other,06260,Rebekah,Perry,rebekah.perry@gmail.com,Drama,25,Putnam
121,54,M,librarian,99603,Kevin,Bennett,kevin.bennett@outlook.com,Drama,14,Homer
122,32,F,writer,22206,Julie,Thomas,julie.thomas@outlook.com,Drama,387,Arlington
123,48,F,artist,20008,Joanne,Cohen,joanne.cohen@yahoo.com,Drama,135,Washington
124,34,M,student,60615,Victor,Henry,victor.henry@gmail.com,Action,11,Chicago
125,30,M,lawyer,22202,George,Juarez,george.juarez@yahoo.com,Comedy,163,Arlington
126,28,F,lawyer,20015,Laura,Gilbert,laura.gilbert@yahoo.com,Drama,878,Washington
127,33,M,none,73439,Charles,Williams,charles.williams@gmail.com,Action,229,Kingston
128,24,F,marketing,20009,Autumn,Chavez,autumn.chavez@gmail.com,Drama,603,Washington
129,36,F,marketing,07039,Jenna,Serrano,jenna.serrano@yahoo.com,Drama,286,Livingston
130,20,M,none,60115,Charles,Johnson,charles.johnson@outlook.com,Comedy,234,Dekalb
131,59,F,administrator,15237,Rebecca,Bennett,rebecca.bennett@gmail.com,Drama,100,Pittsburgh
132,24,M,other,94612,Adam,Smith,adam.smith@outlook.com,Drama,922,Oakland
133,53,M,engineer,78602,Brian,Cruz,brian.cruz@outlook.com,Comedy,258,Bastrop
134,31,M,programmer,80236,Darrell,Barnes,darrell.barnes@yahoo.com,Comedy,313,Denver
135,23,M,student,38401,William,Walker,william.walker@gmail.com,Drama,98,Columbia
136,51,M,other,97365,Austin,Garza,austin.garza@gmail.com,Drama,276,Newport
137,50,M,educator,84408,Noah,Richards,noah.richards@gmail.com,Action,144,Ogden
138,46,M,doctor,53211,James,Sampson,james.sampson@yahoo.com,Drama,26,Milwaukee
139,20,M,student,08904,Jason,Bates,jason.bates@outlook.com,Drama,303,Highland Park
140,30,F,student,32250,Michelle,Carroll,michelle.carroll@yahoo.com,Comedy,286,Jacksonville Beach
141,49,M,programmer,36117,Maurice,Bell,maurice.bell@outlook.com,Comedy,258,Montgomery
142,13,M,other,48118,David,Hawkins,david.hawkins@gmail.com,Comedy,169,Chelsea
143,42,M,technician,08832,Samuel,Williams,samuel.williams@gmail.com,Drama,331,Keasbey
144,53,M,programmer,20910,Kenneth,Wilson,kenneth.wilson@gmail.com,Drama,153,Silver Spring
145,31,M,entertainment,V3N4P,Douglas,Haynes,douglas.haynes@outlook.com,Comedy,237,
146,45,M,artist,83814,Colton,Jones,colton.jones@yahoo.com,Comedy,1022,Coeur D Alene
147,40,F,librarian,02143,Teresa,Nichols,teresa.nichols@outlook.com,Drama,904,Somerville
148,33,M,engineer,97006,Timothy,Kaufman,timothy.kaufman@outlook.com,Drama,408,Beaverton
149,35,F,marketing,17325,Rachel,Hall,rachel.hall@gmail.com,Drama,269,Gettysburg
150,20,F,artist,02139,Evelyn,Knight,evelyn.knight@outlook.com,Drama,181,Cambridge
151,38,F,administrator,48103,Kimberly,Cooper,kimberly.cooper@outlook.com,Drama,10,Ann Arbor
152,33,F,educator,68767,Shannon,Jacobs,shannon.jacobs@outlook.com,Comedy,685,Pierce
153,25,M,student,60641,Casey,Walker,casey.walker@outlook.com,Action,64,Chicago
154,25,M,student,53703,Adrian,Bowers,adrian.bowers@outlook.com,Drama,175,Madison
155,32,F,other,11217,Heather,Stephens,heather.stephens@yahoo.com,Action,306,Brooklyn
156,25,M,educator,08360,Daniel,Rojas,daniel.rojas@yahoo.com,Drama,641,Vineland
157,57,M,engineer,70808,Edward,Beasley,edward.beasley@gmail.com,Comedy,150,Baton Rouge
158,50,M,educator,27606,Curtis,Rivera,curtis.rivera@yahoo.com,Comedy,770,Raleigh
159,23,F,student,55346,Paige,Camacho,paige.camacho@yahoo.com,Comedy,1028,Eden Prairie
160,27,M,programmer,66215,Jason,Bell,jason.bell@outlook.com,Drama,234,Shawnee Mission
161,50,M,lawyer,55104,Todd,Carpenter,todd.carpenter@outlook.com,Drama,202,Saint Paul
162,25,M,artist,15610,Jesse,Lewis,jesse.lewis@yahoo.com,Comedy,1047,Acme
163,49,M,administrator,97212,Jeffrey,Everett,jeffrey.everett@yahoo.com,Drama,316,Portland
164,47,M,healthcare,80123,Christopher,Holmes,christopher.holmes@gmail.com,Action,685,Littleton
165,20,F,other,53715,Michele,Sanders,michele.sanders@outlook.com,Comedy,372,Madison
166,47,M,educator,55113,John,Martin,john.martin@gmail.com,Action,328,Saint Paul
167,37,M,other,L9G2B,Dustin,Craig,dustin.craig@outlook.com,Drama,1306,
168,48,M,other,80127,Larry,Thomas,larry.thomas@yahoo.com,Comedy,151,Littleton
169,52,F,other,53705,Leah,Freeman,leah.freeman@yahoo.com,Comedy,879,Madison
170,53,F,healthcare,30067,Jennifer,Lloyd,jennifer.lloyd@outlook.com,Comedy,749,Marietta
171,48,F,educator,78750,Alisha,Terrell,alisha.terrell@yahoo.com,Drama,272,Austin
172,55,M,marketing,22207,Johnathan,Sanders,johnathan.sanders@gmail.com,Drama,183,Arlington
173,56,M,other,22306,David,Gonzalez,david.gonzalez@outlook.com,Drama,328,Alexandria
174,30,F,administrator,52302,Ariel,Rodriguez,ariel.rodriguez@gmail.com,Comedy,315,Marion
175,26,F,scientist,21911,Sarah,Anderson,sarah.anderson@gmail.com,Drama,127,Rising Sun
176,28,M,scientist,07030,Paul,Ford,paul.ford@outlook.com,Drama,324,Hoboken
177,20,M,programmer,19104,William,Rodgers,william.rodgers@gmail.com,Drama,56,Philadelphia
178,26,M,other,49512,Jordan,Martin,jordan.martin@outlook.com,Drama,73,Grand Rapids
179,15,M,entertainment,20755,Jordan,Branch,jordan.branch@gmail.com,Drama,258,Fort George G Meade
180,22,F,administrator,60202,Kayla,Anthony,kayla.anthony@yahoo.com,Comedy,462,Evanston
181,26,M,executive,21218,Adam,Randall,adam.randall@yahoo.com,Drama,25,Baltimore
182,36,M,programmer,33884,David,Hawkins,david.hawkins@yahoo.com,Comedy,69,Winter Haven
183,33,M,scientist,27708,Sean,Bowen,sean.bowen@yahoo.com,Action,483,Durham
184,37,M,librarian,76013,Robert,Rodriguez,robert.rodriguez@outlook.com,Drama,321,Arlington
185,53,F,librarian,97403,Erica,Kim,erica.kim@outlook.com,Drama,287,Eugene
186,39,F,executive,00000,Melissa,Higgins,melissa.higgins@yahoo.com,Action,566,
187,26,M,educator,16801,Robert,King,robert.king@yahoo.com,Drama,64,State College
188,42,M,student,29440,Christopher,Ferguson,christopher.ferguson@gmail.com,Comedy,692,Georgetown
189,32,M,artist,95014,Grant,Jackson,grant.jackson@yahoo.com,Drama,520,Cupertino
190,30,M,administrator,95938,Robert,Smith,robert.smith@outlook.com,Drama,302,Durham
191,33,M,administrator,95161,Kevin,Bradley,kevin.bradley@outlook.com,Drama,313,San Jose
192,42,M,educator,90840,Matthew,Thompson,matthew.thompson@gmail.com,Drama,1405,Long Beach
193,29,M,student,49931,Peter,Holmes,peter.holmes@yahoo.com,Comedy,485,Houghton
194,38,M,administrator,02154,Marcus,Sellers,marcus.sellers@yahoo.com,Drama,520,Waltham
195,42,M,scientist,93555,James,Mccoy,james.mccoy@outlook.com,Drama,181,Ridgecrest
196,49,M,writer,55105,Robert,Fisher,robert.fisher@yahoo.com,Comedy,655,Saint Paul
197,55,M,technician,75094,Mark,Smith,mark.smith@gmail.com,Action,96,Plano
198,21,F,student,55414,Stephanie,Ortiz,stephanie.ortiz@outlook.com,Drama,135,Minneapolis
199,30,M,writer,17604,Michael,Webb,michael.webb@outlook.com,Drama,268,Lancaster
200,40,M,programmer,93402,Philip,Gonzalez,philip.gonzalez@yahoo.com,Drama,222,Los Osos
201,27,M,writer,E2A4H,Timothy,Nguyen,timothy.nguyen@outlook.com,Drama,203,
202,41,F,educator,60201,Melissa,Mitchell,melissa.mitchell@outlook.com,Comedy,604,Evanston
203,25,F,student,32301,Cynthia,Macias,cynthia.macias@yahoo.com,Drama,181,Tallahassee
204,52,F,librarian,10960,Nicole,Williams,nicole.williams@gmail.com,Drama,340,Nyack
205,47,M,lawyer,06371,Christopher,Dudley,christopher.dudley@outlook.com,Comedy,316,Old Lyme
206,14,F,student,53115,Kelly,Hall,kelly.hall@yahoo.com,Drama,302,Delavan
207,39,M,marketing,92037,Kurt,Edwards,kurt.edwards@outlook.com,Comedy,318,La Jolla
208,43,M,engineer,01720,Roger,Murphy,roger.murphy@yahoo.com,Comedy,216,Acton
209,33,F,educator,85710,Sierra,Bennett,sierra.bennett@yahoo.com,Comedy,251,Tucson
210,39,M,engineer,03060,Jack,Howe,jack.howe@gmail.com,Comedy,204,Nashua
211,66,M,salesman,32605,Juan,Freeman,juan.freeman@gmail.com,Drama,257,Gainesville
212,49,F,educator,61401,Monica,Nunez,monica.nunez@gmail.com,Drama,197,Galesburg
213,33,M,executive,55345,Thomas,Reed,thomas.reed@gmail.com,Drama,273,Minnetonka
214,26,F,librarian,11231,Brandi,Hardy,brandi.hardy@yahoo.com,Drama,42,Brooklyn
215,35,M,programmer,63033,Richard,Reynolds,richard.reynolds@outlook.com,Drama,423,Florissant
216,22,M,engineer,02215,Brandon,Obrien,brandon.obrien@gmail.com,Comedy,55,Boston
217,22,M,other,11727,Erik,Phillips,erik.phillips@outlook.com,Action,22,Coram
218,37,M,administrator,06513,Daniel,Chen,daniel.chen@outlook.com,Comedy,209,New Haven
219,32,M,programmer,43212,Scott,Jenkins,scott.jenkins@yahoo.com,Drama,179,Columbus
220,30,M,librarian,78205,Trevor,Russo,trevor.russo@yahoo.com,Comedy,288,San Antonio
221,19,M,student,20685,Louis,Ramirez,louis.ramirez@gmail.com,Drama,48,Saint Leonard
222,29,M,programmer,27502,Andrew,Brown,andrew.brown@gmail.com,Comedy,750,Apex
223,19,F,student,47906,Barbara,Patterson,barbara.patterson@yahoo.com,Comedy,969,West Lafayette
224,31,F,educator,43512,Nicole,Norton,nicole.norton@gmail.com,Drama,22,Defiance
225,51,F,administrator,58202,Emily,Richardson,emily.richardson@gmail.com,Drama,237,Grand Forks
226,28,M,student,92103,Christopher,Ward,christopher.ward@gmail.com,Drama,242,San Diego
227,46,M,executive,60659,Darrell,Riley,darrell.riley@yahoo.com,Drama,295,Chicago
228,21,F,student,22003,Victoria,Church,victoria.church@yahoo.com,Drama,313,Annandale
229,29,F,librarian,22903,Amber,Rivera,amber.rivera@yahoo.com,Drama,302,Charlottesville
230,28,F,student,14476,Denise,Sparks,denise.sparks@gmail.com,Drama,742,Kendall
231,48,M,librarian,01080,Peter,Kennedy,peter.kennedy@yahoo.com,Action,126,Three Rivers
232,45,M,scientist,99709,David,Keith,david.keith@gmail.com,Drama,483,Fairbanks
233,38,M,engineer,98682,Jacob,Wright,jacob.wright@outlook.com,Drama,202,Vancouver
234,60,M,retired,94702,Benjamin,Dixon,benjamin.dixon@gmail.com,Drama,705,Berkeley
235,37,M,educator,22973,Marcus,Garner,marcus.garner@outlook.com,Drama,70,Stanardsville
236,44,F,writer,53214,Michelle,Ross,michelle.ross@gmail.com,Drama,57,Milwaukee
237,49,M,administrator,63146,Brandon,Lopez,brandon.lopez@gmail.com,Drama,528,Saint Louis
238,42,F,administrator,44124,Taylor,Acosta,taylor.acosta@outlook.com,Comedy,298,Cleveland
239,39,M,artist,95628,Arthur,Nichols,arthur.nichols@yahoo.com,Drama,1099,Fair Oaks
240,23,F,educator,20784,Andrea,Costa,andrea.costa@outlook.com,Drama,313,Hyattsville
241,26,F,student,20001,Ruth,Davis,ruth.davis@outlook.com,Drama,750,Washington
242,33,M,educator,31404,Jeremy,Shields,jeremy.shields@gmail.com,Drama,1137,Savannah
243,33,M,educator,60201,Gary,Sanchez,gary.sanchez@gmail.com,Drama,221,Evanston
244,28,M,technician,80525,Dylan,Blair,dylan.blair@yahoo.com,Comedy,154,Fort Collins
245,22,M,student,55109,Jeffrey,Strong,jeffrey.strong@outlook.com,Action,1028,Saint Paul
246,19,M,student,28734,Donald,Harper,donald.harper@outlook.com,Comedy,201,Franklin
247,28,M,engineer,20770,Jeff,Thompson,jeff.thompson@yahoo.com,Drama,736,Greenbelt
248,25,M,student,37235,Michael,Butler,michael.butler@yahoo.com,Comedy,117,Nashville
249,25,M,student,84103,David,Schultz,david.schultz@gmail.com,Comedy,241,Salt Lake City
250,29,M,executive,95110,Matthew,Robbins,matthew.robbins@gmail.com,Drama,596,San Jose
251,28,M,doctor,85032,William,Gray,william.gray@outlook.com,Action,1014,Phoenix
252,42,M,engineer,07733,Jose,Williams,jose.williams@yahoo.com,Drama,9,Holmdel
253,26,F,librarian,22903,Lisa,Ware,lisa.ware@outlook.com,Drama,465,Charlottesville
254,44,M,educator,42647,Nicholas,Bishop,nicholas.bishop@outlook.com,Drama,50,Stearns
255,23,M,entertainment,07029,Christopher,Lane,christopher.lane@gmail.com,Horror,249,Harrison
256,35,F,none,39042,Abigail,Hansen,abigail.hansen@yahoo.com,Comedy,781,Brandon
257,17,M,student,77005,Joshua,Smith,joshua.smith@gmail.com,Drama,59,Houston
258,19,F,student,77801,Jamie,Williams,jamie.williams@yahoo.com,Action,313,Bryan
259,21,M,student,48823,Carlos,Gardner,carlos.gardner@outlook.com,Drama,12,East Lansing
260,40,F,artist,89801,Dawn,Martin,dawn.martin@yahoo.com,Mystery,990,Elko
261,28,M,administrator,85202,Charles,Mack,charles.mack@outlook.com,Comedy,340,Mesa
262,19,F,student,78264,Heather,Thompson,heather.thompson@gmail.com,Comedy,64,San Antonio
263,41,M,programmer,55346,Willie,Greene,willie.greene@yahoo.com,Drama,176,Eden Prairie
264,36,F,writer,90064,Gwendolyn,Nelson,gwendolyn.nelson@yahoo.com,Comedy,200,Los Angeles
265,26,M,executive,84601,David,Gray,david.gray@gmail.com,Drama,742,Provo
266,62,F,administrator,78756,Ashley,Dixon,ashley.dixon@yahoo.com,Drama,275,Austin
267,23,M,engineer,83716,Brian,Mason,brian.mason@outlook.com,Comedy,518,Boise
268,24,M,engineer,19422,James,Hull,james.hull@gmail.com,Comedy,205,Blue Bell
269,31,F,librarian,43201,Amanda,Medina,amanda.medina@outlook.com,Drama,522,Columbus
270,18,F,student,63119,Barbara,Holmes,barbara.holmes@outlook.com,Drama,25,Saint Louis
271,51,M,engineer,22932,Jeffrey,Moon,jeffrey.moon@outlook.com,Drama,132,Crozet
272,33,M,scientist,53706,Paul,Briggs,paul.briggs@gmail.com,Drama,178,Madison
273,50,F,other,10016,Crystal,Ortiz,crystal.ortiz@yahoo.com,Drama,902,New York City
274,20,F,student,55414,Catherine,Brock,catherine.brock@yahoo.com,Comedy,845,Minneapolis
275,38,M,engineer,92064,Christopher,Miller,christopher.miller@outlook.com,Animation,98,Poway
276,21,M,student,95064,Charles,Shaw,charles.shaw@outlook.com,Comedy,64,Santa Cruz
277,35,F,administrator,55406,Elizabeth,Best,elizabeth.best@yahoo.com,Drama,273,Minneapolis
278,37,F,librarian,30033,Lisa,Cox,lisa.cox@outlook.com,Comedy,603,Decatur
279,33,M,programmer,85251,Jason,Washington,jason.washington@yahoo.com,Comedy,154,Scottsdale
280,30,F,librarian,22903,Rebecca,Arnold,rebecca.arnold@gmail.com,Drama,631,Charlottesville
281,15,F,student,06059,Anna,Jefferson,anna.jefferson@yahoo.com,Comedy,304,North Canton
282,22,M,administrator,20057,Patrick,Kaiser,patrick.kaiser@outlook.com,Comedy,327,Washington
283,28,M,programmer,55305,Vincent,Johnson,vincent.johnson@yahoo.com,Comedy,1114,Hopkins
284,40,M,executive,92629,David,Miller,david.miller@yahoo.com,Drama,301,Dana Point
285,25,M,programmer,53713,Rick,Collins,rick.collins@outlook.com,Comedy,150,Madison
286,27,M,student,15217,Harold,Weeks,harold.weeks@gmail.com,Comedy,1014,Pittsburgh
287,21,M,salesman,31211,Kenneth,Garcia,kenneth.garcia@outlook.com,Comedy,327,Macon
288,34,M,marketing,23226,Jeffrey,Cox,jeffrey.cox@outlook.com,Drama,272,Richmond
289,11,M,none,94619,Alec,Krueger,alec.krueger@outlook.com,Drama,1016,Oakland
290,40,M,engineer,93550,Jonathan,Clarke,jonathan.clarke@yahoo.com,Drama,143,Palmdale
291,19,M,student,44106,Justin,Nelson,justin.nelson@outlook.com,Comedy,144,Cleveland
292,35,F,programmer,94703,Jessica,Webb,jessica.webb@outlook.com,Drama,174,Berkeley
293,24,M,writer,60804,Michael,Vargas,michael.vargas@yahoo.com,Drama,135,Cicero
294,34,M,technician,92110,Daniel,Adams,daniel.adams@outlook.com,Comedy,271,San Diego
295,31,M,educator,50325,Robert,Knox,robert.knox@yahoo.com,Drama,218,Clive
296,43,F,administrator,16803,Jessica,Johnson,jessica.johnson@yahoo.com,Drama,705,State College
297,29,F,educator,98103,Sarah,Arnold,sarah.arnold@yahoo.com,Comedy,57,Seattle
298,44,M,executive,01581,Steven,Green,steven.green@outlook.com,Drama,8,Westborough
299,29,M,doctor,63108,Jeffrey,Simpson,jeffrey.simpson@outlook.com,Drama,127,Saint Louis
300,26,F,programmer,55106,Angela,Craig,angela.craig@yahoo.com,Action,872,Saint Paul
301,24,M,student,55439,Steven,Bird,steven.bird@outlook.com,Comedy,79,Minneapolis
302,42,M,educator,77904,Jake,Kelly,jake.kelly@outlook.com,Mystery,307,Victoria
303,19,M,student,14853,Joseph,Clark,joseph.clark@yahoo.com,Comedy,69,Ithaca
304,22,F,student,71701,Shelia,Harris,shelia.harris@yahoo.com,Drama,237,Camden
305,23,M,programmer,94086,Eric,Dunn,eric.dunn@yahoo.com,Drama,427,Sunnyvale
306,45,M,other,73132,Edward,Stewart,edward.stewart@outlook.com,Comedy,14,Oklahoma City
307,25,M,student,55454,Eric,Berger,eric.berger@outlook.com,Comedy,89,Minneapolis
308,60,M,retired,95076,Vincent,Hoffman,vincent.hoffman@outlook.com,Drama,81,Watsonville
309,40,M,scientist,70802,Thomas,Wells,thomas.wells@gmail.com,Action,326,Baton Rouge
310,37,M,educator,91711,Bryan,Hull,bryan.hull@outlook.com,Comedy,116,Claremont
311,32,M,technician,73071,Jim,Walsh,jim.walsh@outlook.com,Drama,98,Norman
312,48,M,other,02110,Richard,Baker,richard.baker@yahoo.com,Drama,133,Boston
313,41,M,marketing,60035,Luke,Elliott,luke.elliott@gmail.com,Drama,616,Highland Park
314,20,F,student,08043,Judy,Salazar,judy.salazar@yahoo.com,Comedy,28,Voorhees
315,31,M,educator,18301,James,Bryan,james.bryan@gmail.com,Comedy,305,East Stroudsburg
316,43,F,other,77009,Kelly,Garcia,kelly.garcia@gmail.com,Drama,98,Houston
317,22,M,administrator,13210,Michael,Perez,michael.perez@gmail.com,Action,350,Syracuse
318,65,M,retired,06518,Tyrone,Smith,tyrone.smith@yahoo.com,Drama,257,Hamden
319,38,M,programmer,22030,Brian,Robinson,brian.robinson@outlook.com,Comedy,313,Fairfax
320,19,M,student,24060,Frank,Daniels,frank.daniels@gmail.com,Comedy,177,Blacksburg
321,49,F,educator,55413,Ashley,Flores,ashley.flores@yahoo.com,Drama,615,Minneapolis
322,20,M,student,50613,George,Johnson,george.johnson@yahoo.com,Drama,197,Cedar Falls
323,21,M,student,19149,Eugene,Haynes,eugene.haynes@yahoo.com,Drama,127,Philadelphia
324,21,F,student,02176,Patty,Erickson,patty.erickson@gmail.com,Drama,748,Melrose
325,48,M,technician,02139,Brent,Powell,brent.powell@gmail.com,Drama,430,Cambridge
326,41,M,administrator,15235,Jared,Oneal,jared.oneal@yahoo.com,Drama,50,Pittsburgh
327,22,M,student,11101,David,Waters,david.waters@gmail.com,Drama,192,Long Island City
328,51,M,administrator,06779,Joseph,Ramos,joseph.ramos@yahoo.com,Drama,519,Oakville
329,48,M,educator,01720,Rodney,Neal,rodney.neal@outlook.com,Drama,124,Acton
330,35,F,educator,33884,Valerie,Murray,valerie.murray@yahoo.com,Drama,136,Winter Haven
331,33,M,entertainment,91344,Christopher,Castaneda,christopher.castaneda@outlook.com,Drama,47,Granada Hills
332,20,M,student,40504,Danny,Hunter,danny.hunter@gmail.com,Comedy,693,Lexington
333,47,M,other,V0R2M,Elijah,Daniel,elijah.daniel@yahoo.com,Comedy,66,
334,32,M,librarian,30002,Joseph,Herman,joseph.herman@outlook.com,Drama,603,Avondale Estates
335,45,M,executive,33775,John,Saunders,john.saunders@yahoo.com,Mystery,347,Seminole
336,23,M,salesman,42101,Johnathan,Graham,johnathan.graham@gmail.com,Comedy,154,Bowling Green
337,37,M,scientist,10522,Craig,Castro,craig.castro@yahoo.com,Action,230,Dobbs Ferry
338,39,F,librarian,59717,Brandi,Morrison,brandi.morrison@gmail.com,Comedy,408,Bozeman
339,35,M,lawyer,37901,Ronald,Willis,ronald.willis@outlook.com,Drama,132,Knoxville
340,46,M,engineer,80123,Timothy,Reed,timothy.reed@outlook.com,Comedy,1,Littleton
341,17,F,student,44405,Denise,Roberts,denise.roberts@gmail.com,Comedy,880,Campbell
342,25,F,other,98006,Kara,Braun,kara.braun@gmail.com,Drama,288,Bellevue
343,43,M,engineer,30093,Isaac,Craig,isaac.craig@outlook.com,Drama,135,Norcross
344,30,F,librarian,94117,Stacy,House,stacy.house@gmail.com,Drama,306,San Francisco
345,28,F,librarian,94143,Beverly,Sandoval,beverly.sandoval@outlook.com,Drama,48,San Francisco
346,34,M,other,76059,Jason,Gregory,jason.gregory@gmail.com,Drama,33,Keene
347,18,M,student,90210,Nathan,Ramirez,nathan.ramirez@yahoo.com,Comedy,22,Beverly Hills
348,24,F,student,45660,Teresa,Freeman,teresa.freeman@gmail.com,Comedy,928,Peebles
349,68,M,retired,61455,Lawrence,Mitchell,lawrence.mitchell@gmail.com,Drama,20,Macomb
350,32,M,student,97301,Eric,Salazar,eric.salazar@yahoo.com,Drama,174,Salem
351,61,M,educator,49938,Scott,Valenzuela,scott.valenzuela@outlook.com,Drama,879,Ironwood
352,37,F,programmer,55105,Carla,Shaffer,carla.shaffer@outlook.com,Action,182,Saint Paul
353,25,M,scientist,28480,Johnathan,Fox,johnathan.fox@outlook.com,Drama,286,Wrightsville Beach
354,29,F,librarian,48197,Stephanie,Shaw,stephanie.shaw@outlook.com,Drama,242,Ypsilanti
355,25,M,student,60135,Mark,Osborn,mark.osborn@yahoo.com,Drama,286,Genoa
356,32,F,homemaker,92688,Kim,Anderson,kim.anderson@yahoo.com,Drama,313,Rancho Santa Margarita
357,26,M,executive,98133,James,Jimenez,james.jimenez@yahoo.com,Comedy,222,Seattle
358,40,M,educator,10022,Casey,Russell,casey.russell@gmail.com,Drama,132,New York City
359,22,M,student,61801,Glenn,Jacobs,glenn.jacobs@gmail.com,Action,313,Urbana
360,51,M,other,98027,Joseph,Rangel,joseph.rangel@gmail.com,Drama,511,Issaquah
361,22,M,student,44074,Kevin,Allen,kevin.allen@outlook.com,Drama,286,Oberlin
362,35,F,homemaker,85233,Amy,Perez,amy.perez@gmail.com,Comedy,333,Gilbert
363,20,M,student,87501,Jimmy,Young,jimmy.young@outlook.com,Drama,1495,Santa Fe
364,63,M,engineer,01810,David,Gibbs,david.gibbs@outlook.com,Comedy,1048,Andover
365,29,M,lawyer,20009,Jeffrey,Mcclain,jeffrey.mcclain@gmail.com,Comedy,301,Washington
366,20,F,student,50670,Nicole,King,nicole.king@yahoo.com,Horror,853,Shell Rock
367,17,M,student,37411,Kirk,Henderson,kirk.henderson@outlook.com,Horror,250,Chattanooga
368,18,M,student,92113,Daniel,Colon,daniel.colon@outlook.com,Horror,17,San Diego
369,24,M,student,91335,Christopher,Wood,christopher.wood@gmail.com,Drama,271,Reseda
370,52,M,writer,08534,Eric,Morrison,eric.morrison@outlook.com,Comedy,265,Pennington
371,36,M,engineer,99206,Gary,Vasquez,gary.vasquez@outlook.com,Drama,97,Spokane
372,25,F,student,66046,Julie,Sanchez,julie.sanchez@outlook.com,Horror,159,Lawrence
373,24,F,other,55116,Susan,Mckinney,susan.mckinney@outlook.com,Drama,694,Saint Paul
374,36,M,executive,78746,Michael,Lindsey,michael.lindsey@outlook.com,Drama,129,Austin
375,17,M,entertainment,37777,Michael,Macdonald,michael.macdonald@outlook.com,Thriller,185,Louisville
376,28,F,other,10010,Margaret,Dean,margaret.dean@yahoo.com,Drama,269,New York City
377,22,M,student,18015,Frank,Cooper,frank.cooper@outlook.com,Comedy,288,Bethlehem
378,35,M,student,02859,Russell,Allen,russell.allen@yahoo.com,Drama,52,Pascoag
379,44,M,programmer,98117,Steven,Haynes,steven.haynes@outlook.com,Drama,202,Seattle
380,32,M,engineer,55117,Joshua,Robertson,joshua.robertson@gmail.com,Drama,530,Saint Paul
381,33,M,artist,94608,Richard,Deleon,richard.deleon@outlook.com,Drama,582,Emeryville
382,45,M,engineer,01824,Christopher,Larson,christopher.larson@yahoo.com,Drama,474,Chelmsford
383,42,M,administrator,75204,Joshua,James,joshua.james@outlook.com,Drama,474,Dallas
384,52,M,programmer,45218,Robert,Coleman,robert.coleman@outlook.com,Action,272,Cincinnati
385,36,M,writer,10003,Marvin,Armstrong,marvin.armstrong@yahoo.com,Drama,1367,New York City
386,36,M,salesman,43221,Jason,Roberson,jason.roberson@yahoo.com,Action,515,Columbus
387,33,M,entertainment,37412,Troy,Baker,troy.baker@gmail.com,Drama,56,Chattanooga
388,31,M,other,36106,Robert,Meyer,robert.meyer@outlook.com,Drama,313,Montgomery
389,44,F,writer,83702,Molly,Moore,molly.moore@yahoo.com,Comedy,613,Boise
390,42,F,writer,85016,Stephanie,Ray,stephanie.ray@outlook.com,Drama,989,Phoenix
391,23,M,student,84604,Michael,Davis,michael.davis@outlook.com,Drama,56,Provo
392,52,M,writer,59801,Mark,Harris,mark.harris@gmail.com,Drama,178,Missoula
393,19,M,student,83686,Timothy,Sanchez,timothy.sanchez@yahoo.com,Comedy,763,Nampa
394,25,M,administrator,96819,Jay,Armstrong,jay.armstrong@outlook.com,Comedy,67,Honolulu
395,43,M,other,44092,David,Lee,david.lee@outlook.com,Drama,172,Wickliffe
396,57,M,engineer,94551,Aaron,Smith,aaron.smith@yahoo.com,Drama,222,Livermore
397,17,M,student,27514,Charles,Clark,charles.clark@outlook.com,Drama,7,Chapel Hill
398,40,M,other,60008,Jay,Garcia,jay.garcia@gmail.com,Comedy,69,Rolling Meadows
399,25,M,other,92374,Matthew,Garcia,matthew.garcia@gmail.com,Drama,924,Redlands
400,33,F,administrator,78213,Laura,Huynh,laura.huynh@yahoo.com,Comedy,258,San Antonio
401,46,F,healthcare,84107,Ann,Coleman,ann.coleman@yahoo.com,Drama,204,Salt Lake City
402,30,M,engineer,95129,Calvin,Anderson,calvin.anderson@gmail.com,Comedy,480,San Jose
403,37,M,other,06811,Kevin,Mcclure,kevin.mcclure@gmail.com,Comedy,121,Danbury
404,29,F,programmer,55108,Danielle,Beard,danielle.beard@yahoo.com,Comedy,313,Saint Paul
405,22,F,healthcare,10019,Melissa,Barnett,melissa.barnett@gmail.com,Drama,210,New York City
406,52,M,educator,93109,William,Crawford,william.crawford@yahoo.com,Drama,48,Santa Barbara
407,29,M,engineer,03261,Trevor,Aguirre,trevor.aguirre@outlook.com,Comedy,174,Northwood
408,23,M,student,61755,Edward,Shaffer,edward.shaffer@yahoo.com,Comedy,748,Mackinaw
409,48,M,administrator,98225,Alex,Allen,alex.allen@gmail.com,Drama,50,Bellingham
410,30,F,artist,94025,Stephanie,Rodriguez,stephanie.rodriguez@yahoo.com,Drama,313,Menlo Park
411,34,M,educator,44691,Nicholas,Johnson,nicholas.johnson@outlook.com,Action,172,Wooster
412,25,M,educator,15222,John,Larson,john.larson@outlook.com,Drama,318,Pittsburgh
413,55,M,educator,78212,Taylor,Cummings,taylor.cummings@yahoo.com,Drama,124,San Antonio
414,24,M,programmer,38115,Robert,Nichols,robert.nichols@yahoo.com,Comedy,100,Memphis
415,39,M,educator,85711,Richard,Carney,richard.carney@yahoo.com,Drama,1524,Tucson
416,20,F,student,92626,Judy,Campbell,judy.campbell@outlook.com,Drama,125,Costa Mesa
417,27,F,other,48103,Brittany,Chen,brittany.chen@outlook.com,Comedy,83,Ann Arbor
418,55,F,none,21206,Katherine,Morales,katherine.morales@outlook.com,Drama,269,Baltimore
419,37,M,lawyer,43215,Jeffrey,Bailey,jeffrey.bailey@gmail.com,Drama,705,Columbus
420,53,M,educator,02140,Dustin,Rhodes,dustin.rhodes@gmail.com,Drama,283,Cambridge
421,38,F,programmer,55105,Cathy,Craig,cathy.craig@yahoo.com,Horror,443,Saint Paul
422,26,M,entertainment,94533,Daniel,Chang,daniel.chang@outlook.com,Horror,919,Fairfield
423,64,M,other,91606,Daniel,Moore,daniel.moore@outlook.com,Drama,272,North Hollywood
424,36,F,marketing,55422,Alexis,Stark,alexis.stark@gmail.com,Drama,9,Minneapolis
425,19,M,student,58644,Thomas,Garza,thomas.garza@yahoo.com,Action,271,Marshall
426,55,M,educator,01602,Michael,Morales,michael.morales@outlook.com,Drama,480,Worcester
427,51,M,doctor,85258,Curtis,Allen,curtis.allen@gmail.com,Drama,938,Scottsdale
428,28,M,student,55414,John,Bernard,john.bernard@yahoo.com,Drama,690,Minneapolis
429,27,M,student,29205,Christopher,Knight,christopher.knight@outlook.com,Drama,86,Columbia
430,38,M,scientist,98199,Christopher,Norris,christopher.norris@gmail.com,Drama,129,Seattle
431,24,M,marketing,92629,Javier,Washington,javier.washington@gmail.com,Action,294,Dana Point
432,22,M,entertainment,50311,Richard,Barker,richard.barker@yahoo.com,Comedy,237,Des Moines
433,27,M,artist,11211,Christopher,Hayden,christopher.hayden@outlook.com,Drama,302,Brooklyn
434,16,F,student,49705,Wendy,Ramsey,wendy.ramsey@gmail.com,Comedy,546,Afton
435,24,M,engineer,60007,Daniel,Peterson,daniel.peterson@gmail.com,Comedy,462,Elk Grove Village
436,30,F,administrator,17345,Melissa,Daniel,melissa.daniel@yahoo.com,Drama,658,Manchester
437,27,F,other,20009,Tammy,Ramsey,tammy.ramsey@gmail.com,Drama,1121,Washington
438,51,F,administrator,43204,Amanda,Sanchez,amanda.sanchez@yahoo.com,Comedy,476,Columbus
439,23,F,administrator,20817,Melanie,Williams,melanie.williams@yahoo.com,Drama,14,Bethesda
440,30,M,other,48076,Robert,Kirby,robert.kirby@yahoo.com,Drama,886,Southfield
441,50,M,technician,55013,Martin,Ferguson,martin.ferguson@gmail.com,Comedy,1,Chisago City
442,22,M,student,85282,Thomas,Rios,thomas.rios@gmail.com,Comedy,636,Tempe
443,35,M,salesman,33308,Ernest,Mejia,ernest.mejia@gmail.com,Comedy,258,Fort Lauderdale
444,51,F,lawyer,53202,Andrea,Hendricks,andrea.hendricks@gmail.com,Drama,50,Milwaukee
445,21,M,writer,92653,Erik,Mills,erik.mills@gmail.com,Drama,475,Laguna Hills
446,57,M,educator,60201,Joshua,Burns,joshua.burns@gmail.com,Drama,292,Evanston
447,30,M,administrator,55113,Trevor,Grimes,trevor.grimes@yahoo.com,Comedy,121,Saint Paul
448,23,M,entertainment,10021,Marcus,Dudley,marcus.dudley@yahoo.com,Drama,269,New York City
449,23,M,librarian,55021,Jeffery,Short,jeffery.short@gmail.com,Drama,137,Faribault
450,35,F,educator,11758,Betty,Lynn,betty.lynn@yahoo.com,Drama,470,Massapequa
451,16,M,student,48446,Eugene,Garza,eugene.garza@gmail.com,Drama,294,Lapeer
452,35,M,administrator,28018,Justin,Young,justin.young@gmail.com,Drama,191,Bostic
453,18,M,student,06333,Mark,Santos,mark.santos@gmail.com,Comedy,246,East Lyme
454,57,M,other,97330,Chad,Foster,chad.foster@gmail.com,Drama,272,Corvallis
455,48,M,administrator,83709,Vincent,Barry,vincent.barry@gmail.com,Drama,135,Boise
456,24,M,technician,31820,Wayne,Petersen,wayne.petersen@gmail.com,Drama,479,Midland
457,33,F,salesman,30011,Lauren,Glass,lauren.glass@outlook.com,Drama,192,Auburn
458,47,M,technician,Y1A6B,Matthew,Brown,matthew.brown@yahoo.com,Drama,191,
459,22,M,student,29201,Alec,Dorsey,alec.dorsey@yahoo.com,Comedy,121,Columbia
460,44,F,other,60630,Michelle,Ramirez,michelle.ramirez@outlook.com,Drama,311,Chicago
461,15,M,student,98102,Brandon,Hayes,brandon.hayes@gmail.com,Comedy,1006,Seattle
462,19,F,student,02918,Heidi,Brooks,heidi.brooks@gmail.com,Drama,682,Providence
463,48,F,healthcare,75218,Victoria,Willis,victoria.willis@yahoo.com,Drama,127,Dallas
464,60,M,writer,94583,Jeremy,Mccullough,jeremy.mccullough@yahoo.com,Comedy,269,San Ramon
465,32,M,other,05001,Bryan,Williams,bryan.williams@gmail.com,Drama,64,White River Junction
466,22,M,student,90804,Willie,Kennedy,willie.kennedy@yahoo.com,Action,331,Long Beach
467,29,M,engineer,91201,Carl,Cox,carl.cox@outlook.com,Drama,109,Glendale
468,28,M,engineer,02341,Kevin,Stevens,kevin.stevens@outlook.com,Drama,209,Hanson
469,60,M,educator,78628,Steven,Diaz,steven.diaz@outlook.com,Drama,513,Georgetown
470,24,M,programmer,10021,Angel,Williams,angel.williams@yahoo.com,Drama,50,New York City
471,10,M,student,77459,Corey,Scott,corey.scott@gmail.com,Animation,140,Missouri City
472,24,M,student,87544,James,Obrien,james.obrien@yahoo.com,Comedy,11,Los Alamos
473,29,M,student,94708,John,James,john.james@outlook.com,Drama,273,Berkeley
474,51,M,executive,93711,Timothy,Tucker,timothy.tucker@yahoo.com,Drama,8,Fresno
475,30,M,programmer,75230,Juan,Haney,juan.haney@yahoo.com,Comedy,100,Dallas
476,28,M,student,60440,John,Howe,john.howe@gmail.com,Comedy,194,Bolingbrook
477,23,F,student,02125,Jordan,Bell,jordan.bell@gmail.com,Comedy,815,Boston
478,29,M,other,10019,Wayne,Bailey,wayne.bailey@gmail.com,Comedy,143,New York City
479,30,M,educator,55409,Ryan,Clark,ryan.clark@gmail.com,Drama,168,Minneapolis
480,57,M,retired,98257,Cameron,Miller,cameron.miller@yahoo.com,Drama,190,La Conner
481,73,M,retired,37771,Antonio,Wheeler,antonio.wheeler@yahoo.com,Comedy,524,Lenoir City
482,18,F,student,40256,Tiffany,Smith,tiffany.smith@outlook.com,Comedy,313,Louisville
483,29,M,scientist,43212,Steven,Payne,steven.payne@outlook.com,Action,109,Columbus
484,27,M,student,21208,Alan,Nash,alan.nash@outlook.com,Action,70,Pikesville
485,44,F,educator,95821,Becky,Brown,becky.brown@gmail.com,Comedy,242,Sacramento
486,39,M,educator,93101,Gregory,Mack,gregory.mack@yahoo.com,Drama,471,Santa Barbara
487,22,M,engineer,92121,Carlos,Carpenter,carlos.carpenter@yahoo.com,Drama,280,San Diego
488,48,M,technician,21012,David,May,david.may@gmail.com,Drama,468,Arnold
489,55,M,other,45218,Kurt,Young,kurt.young@yahoo.com,Drama,1293,Cincinnati
490,29,F,artist,V5A2B,Dominique,Dillon,dominique.dillon@yahoo.com,Drama,150,
491,43,F,writer,53711,Ana,Robertson,ana.robertson@outlook.com,Drama,45,Madison
492,57,M,educator,94618,John,Malone,john.malone@outlook.com,Drama,318,Oakland
493,22,M,engineer,60090,Nathan,Rich,nathan.rich@gmail.com,Drama,69,Wheeling
494,38,F,administrator,49428,Linda,Jimenez,linda.jimenez@gmail.com,Drama,64,Jenison
495,29,M,engineer,03052,Steven,Trujillo,steven.trujillo@yahoo.com,Drama,174,Litchfield
496,21,F,student,55414,Lori,Johnson,lori.johnson@gmail.com,Drama,727,Minneapolis
497,20,M,student,50112,Tyler,Crawford,tyler.crawford@yahoo.com,Comedy,161,Grinnell
498,26,M,writer,55408,David,Johnson,david.johnson@yahoo.com,Drama,192,Minneapolis
499,42,M,programmer,75006,Joel,Benjamin,joel.benjamin@yahoo.com,Drama,511,Carrollton
500,28,M,administrator,94305,Jacob,Johnson,jacob.johnson@outlook.com,Drama,836,Stanford
501,22,M,student,10025,Duane,Cook,duane.cook@gmail.com,Comedy,127,New York City
502,22,M,student,23092,Justin,Reed,justin.reed@gmail.com,Comedy,288,Locust Hill
503,50,F,writer,27514,Victoria,Smith,victoria.smith@gmail.com,Drama,181,Chapel Hill
504,40,F,writer,92115,Kimberly,Sanchez,kimberly.sanchez@gmail.com,Drama,414,San Diego
505,27,F,other,20657,Wendy,Nguyen,wendy.nguyen@yahoo.com,Drama,498,Lusby
506,46,M,programmer,03869,Brandon,Porter,brandon.porter@yahoo.com,Drama,494,Rollinsford
507,18,F,writer,28450,Christine,Howard,christine.howard@gmail.com,Action,343,Lake Waccamaw
508,27,M,marketing,19382,Joshua,Gibson,joshua.gibson@gmail.com,Comedy,172,West Chester
509,23,M,administrator,10011,Randy,Gray,randy.gray@outlook.com,Comedy,50,New York City
510,34,M,other,98038,Barry,Johnson,barry.johnson@yahoo.com,Children's,300,Maple Valley
511,22,M,student,21250,Rodney,Alvarado,rodney.alvarado@yahoo.com,Drama,292,Baltimore
512,29,M,other,20090,John,Hayes,john.hayes@gmail.com,Drama,198,Washington
513,43,M,administrator,26241,John,Mathis,john.mathis@gmail.com,Action,117,Elkins
514,27,M,programmer,20707,Mark,Thomas,mark.thomas@gmail.com,Comedy,96,Laurel
515,53,M,marketing,49508,Jonathan,Hicks,jonathan.hicks@yahoo.com,Drama,300,Grand Rapids
516,53,F,librarian,10021,Katherine,Vaughn,katherine.vaughn@yahoo.com,Drama,902,New York City
517,24,M,student,55454,Christopher,Harrell,christopher.harrell@outlook.com,Comedy,300,Minneapolis
518,49,F,writer,99709,Jenna,Davis,jenna.davis@yahoo.com,Drama,25,Fairbanks
519,22,M,other,55320,Russell,Oneill,russell.oneill@gmail.com,Drama,1617,Clearwater
520,62,M,healthcare,12603,Shawn,Weber,shawn.weber@yahoo.com,Comedy,269,Poughkeepsie
521,19,M,student,02146,George,Moore,george.moore@outlook.com,Comedy,206,Brookline
522,36,M,engineer,55443,Kenneth,Mcfarland,kenneth.mcfarland@outlook.com,Drama,100,Minneapolis
523,50,F,administrator,04102,Jamie,Bush,jamie.bush@gmail.com,Comedy,114,Portland
524,56,M,educator,02159,Bryan,Bowman,bryan.bowman@gmail.com,Drama,205,Newton
525,27,F,administrator,19711,Sierra,Thompson,sierra.thompson@outlook.com,Drama,276,Newark
526,30,M,marketing,97124,Brandon,Long,brandon.long@gmail.com,Drama,269,Hillsboro
527,33,M,librarian,12180,David,Ortiz,david.ortiz@gmail.com,Drama,127,Troy
528,18,M,student,55104,Tyler,Warren,tyler.warren@outlook.com,Comedy,239,Saint Paul
529,47,F,administrator,44224,Kim,Cruz,kim.cruz@outlook.com,Drama,307,Stow
530,29,M,engineer,94040,John,Reid,john.reid@yahoo.com,Drama,178,Mountain View
531,30,F,salesman,97408,Tammy,Payne,tammy.payne@yahoo.com,Comedy,990,Eugene
532,20,M,student,92705,Joshua,Woodward,joshua.woodward@outlook.com,Drama,603,Santa Ana
533,43,M,librarian,02324,Bryan,Moon,bryan.moon@gmail.com,Drama,50,Bridgewater
534,20,M,student,05464,Lucas,Parks,lucas.parks@gmail.com,Comedy,455,Jeffersonville
535,45,F,educator,80302,Elizabeth,Rodriguez,elizabeth.rodriguez@gmail.com,Drama,836,Boulder
536,38,M,engineer,30078,Michael,Bell,michael.bell@gmail.com,Drama,174,Snellville
537,36,M,engineer,22902,Matthew,Sanders,matthew.sanders@outlook.com,Drama,134,Charlottesville
538,31,M,scientist,21010,David,Paul,david.paul@outlook.com,Drama,191,Gunpowder
539,53,F,administrator,80303,Amanda,Woods,amanda.woods@outlook.com,Drama,382,Boulder
540,28,M,engineer,91201,Matthew,Phillips,matthew.phillips@gmail.com,Drama,100,Glendale
541,19,F,student,84302,Jordan,Todd,jordan.todd@yahoo.com,Drama,210,Brigham City
542,21,M,student,60515,Eric,Cox,eric.cox@gmail.com,Comedy,56,Downers Grove
543,33,M,scientist,95123,Brian,Walker,brian.walker@gmail.com,Drama,135,San Jose
544,44,F,other,29464,Julie,Wells,julie.wells@gmail.com,Action,313,Mount Pleasant
545,27,M,technician,08052,Steven,Johnson,steven.johnson@outlook.com,Action,210,Maple Shade
546,36,M,executive,22911,Donald,Thornton,donald.thornton@outlook.com,Horror,118,Charlottesville
547,50,M,educator,14534,Scott,Bentley,scott.bentley@outlook.com,Comedy,316,Pittsford
548,51,M,writer,95468,Keith,Sanchez,keith.sanchez@outlook.com,Drama,273,Point Arena
549,42,M,scientist,45680,Justin,Harris,justin.harris@gmail.com,Action,50,South Point
550,16,F,student,95453,Nicole,Pearson,nicole.pearson@gmail.com,Comedy,323,Lakeport
551,25,M,programmer,55414,Phillip,Holmes,phillip.holmes@yahoo.com,Drama,684,Minneapolis
552,45,M,other,68147,Brian,Martinez,brian.martinez@yahoo.com,Comedy,301,Bellevue
553,58,M,educator,62901,Marvin,Mullins,marvin.mullins@outlook.com,Drama,505,Carbondale
554,32,M,scientist,62901,Andrew,Medina,andrew.medina@yahoo.com,Comedy,98,Carbondale
555,29,F,educator,23227,Melissa,Smith,melissa.smith@outlook.com,Comedy,236,Richmond
556,35,F,educator,30606,Crystal,Ford,crystal.ford@gmail.com,Drama,327,Athens
557,30,F,writer,11217,Nancy,Russo,nancy.russo@gmail.com,Drama,8,Brooklyn
558,56,F,writer,63132,Tina,Chang,tina.chang@yahoo.com,Drama,116,Saint Louis
559,69,M,executive,10022,Daniel,Park,daniel.park@outlook.com,Drama,188,New York City
560,32,M,student,10003,Aaron,Stewart,aaron.stewart@yahoo.com,Drama,258,New York City
561,23,M,engineer,60005,Michael,Jennings,michael.jennings@outlook.com,Drama,23,Arlington Heights
562,54,F,administrator,20879,Veronica,Berry,veronica.berry@outlook.com,Action,443,Gaithersburg
563,39,F,librarian,32707,Angela,Tate,angela.tate@gmail.com,Comedy,692,Casselberry
564,65,M,retired,94591,Vernon,Frank,vernon.frank@yahoo.com,Action,121,Vallejo
565,40,M,student,55422,Christopher,Aguilar,christopher.aguilar@gmail.com,Drama,52,Minneapolis
566,20,M,student,14627,Timothy,James,timothy.james@yahoo.com,Drama,1193,Rochester
567,24,M,entertainment,10003,Ronald,Holmes,ronald.holmes@gmail.com,Drama,1019,New York City
568,39,M,educator,01915,Paul,Clark,paul.clark@yahoo.com,Drama,606,Beverly
569,34,M,educator,91903,Joshua,Nelson,joshua.nelson@outlook.com,Drama,126,Alpine
570,26,M,educator,14627,John,Stone,john.stone@gmail.com,Drama,303,Rochester
571,34,M,artist,01945,David,Jones,david.jones@gmail.com,Drama,124,Marblehead
572,51,M,educator,20003,Dwayne,Bell,dwayne.bell@yahoo.com,Drama,124,Washington
573,68,M,retired,48911,Joseph,Parker,joseph.parker@outlook.com,Drama,211,Lansing
574,56,M,educator,53188,Bryce,Douglas,bryce.douglas@yahoo.com,Drama,258,Waukesha
575,33,M,marketing,46032,Anthony,Hurst,anthony.hurst@yahoo.com,Drama,173,Carmel
576,48,M,executive,98281,Mark,Collins,mark.collins@outlook.com,Drama,280,Point Roberts
577,36,F,student,77845,Carla,Mora,carla.mora@yahoo.com,Comedy,95,College Station
578,31,M,administrator,M7A1A,John,Sutton,john.sutton@yahoo.com,Comedy,313,
579,32,M,educator,48103,Daniel,Daniels,daniel.daniels@gmail.com,Comedy,83,Ann Arbor
580,16,M,student,17961,Jack,Ray,jack.ray@outlook.com,Action,181,Orwigsburg
581,37,M,other,94131,Shane,Garcia,shane.garcia@yahoo.com,Drama,919,San Francisco
582,17,M,student,93003,James,Rocha,james.rocha@gmail.com,Comedy,750,Ventura
583,44,M,engineer,29631,David,Caldwell,david.caldwell@outlook.com,Comedy,12,Clemson
584,25,M,student,27511,Casey,Crosby,casey.crosby@yahoo.com,Action,313,Cary
585,69,M,librarian,98501,Michael,Berg,michael.berg@gmail.com,Drama,463,Olympia
586,20,M,student,79508,Steven,Adams,steven.adams@outlook.com,Comedy,559,Buffalo Gap
587,26,M,other,14216,Larry,Roberson,larry.roberson@outlook.com,Drama,272,Buffalo
588,18,F,student,93063,Debra,Rogers,debra.rogers@yahoo.com,Drama,721,Simi Valley
589,21,M,lawyer,90034,William,Tucker,william.tucker@gmail.com,Comedy,313,Los Angeles
590,50,M,educator,82435,Joseph,Zimmerman,joseph.zimmerman@gmail.com,Drama,285,Powell
591,57,F,librarian,92093,Linda,Simpson,linda.simpson@outlook.com,Comedy,1099,La Jolla
592,18,M,student,97520,Thomas,James,thomas.james@outlook.com,Drama,124,Ashland
593,31,F,educator,68767,Sharon,Carlson,sharon.carlson@yahoo.com,Drama,633,Pierce
594,46,M,educator,M4J2K,Warren,Choi,warren.choi@outlook.com,Drama,515,
595,25,M,programmer,31909,Jeffrey,Carrillo,jeffrey.carrillo@gmail.com,Comedy,1134,Columbus
596,20,M,artist,77073,Derek,Harris,derek.harris@outlook.com,Action,313,Houston
597,23,M,other,84116,Thomas,Wyatt,thomas.wyatt@gmail.com,Comedy,300,Salt Lake City
598,40,F,marketing,43085,Nina,Lowe,nina.lowe@outlook.com,Action,313,Columbus
599,22,F,student,R3T5K,Tracy,Keller,tracy.keller@yahoo.com,Comedy,282,
600,34,M,programmer,02320,Mark,Keller,mark.keller@yahoo.com,Action,127,
601,19,F,artist,99687,Amanda,Murphy,amanda.murphy@yahoo.com,Drama,181,Wasilla
602,47,F,other,34656,Cynthia,Adams,cynthia.adams@gmail.com,Drama,50,New Port Richey
603,21,M,programmer,47905,Brian,Marsh,brian.marsh@gmail.com,Action,11,Lafayette
604,39,M,educator,11787,Daniel,Thompson,daniel.thompson@outlook.com,Horror,234,Smithtown
605,33,M,engineer,33716,Adam,Scott,adam.scott@gmail.com,Drama,127,Saint Petersburg
606,28,M,programmer,63044,Randy,Warren,randy.warren@gmail.com,Drama,418,Bridgeton
607,49,F,healthcare,02154,Jennifer,Cooper,jennifer.cooper@gmail.com,Drama,511,Waltham
608,22,M,other,10003,John,Rowe,john.rowe@gmail.com,Drama,1172,New York City
609,13,F,student,55106,Sarah,Acosta,sarah.acosta@outlook.com,Drama,287,Saint Paul
610,22,M,student,21227,Brett,Moore,brett.moore@outlook.com,Drama,483,Halethorpe
611,46,M,librarian,77008,Christopher,Lewis,christopher.lewis@yahoo.com,Drama,300,Houston
612,36,M,educator,79070,David,Harrison,david.harrison@yahoo.com,Comedy,1063,Perryton
613,37,F,marketing,29678,Dawn,Taylor,dawn.taylor@yahoo.com,Drama,258,Seneca
614,54,M,educator,80227,Eric,Lawrence,eric.lawrence@outlook.com,Drama,100,Denver
615,38,M,educator,27705,Christopher,Phillips,christopher.phillips@gmail.com,Drama,517,Durham
616,55,M,scientist,50613,Colin,Wilkerson,colin.wilkerson@yahoo.com,Drama,750,Cedar Falls
617,27,F,writer,11201,Hannah,Henson,hannah.henson@yahoo.com,Horror,185,Brooklyn
618,15,F,student,44212,Angela,Watts,angela.watts@gmail.com,Drama,185,Brunswick
619,17,M,student,44134,Jeremiah,Floyd,jeremiah.floyd@outlook.com,Action,117,Cleveland
620,18,F,writer,81648,Theresa,Jones,theresa.jones@gmail.com,Animation,71,Rangely
621,17,M,student,60402,Jordan,Cherry,jordan.cherry@yahoo.com,Comedy,135,Berwyn
622,25,M,programmer,14850,Allen,Patton,allen.patton@outlook.com,Comedy,12,Ithaca
623,50,F,educator,60187,Kimberly,Hicks,kimberly.hicks@outlook.com,Comedy,50,Wheaton
624,19,M,student,30067,Roger,Bonilla,roger.bonilla@outlook.com,Comedy,50,Marietta
625,27,M,programmer,20723,Tim,Oconnor,tim.oconnor@yahoo.com,Comedy,96,Laurel
626,23,M,scientist,19807,Craig,Merritt,craig.merritt@yahoo.com,Drama,286,Wilmington
627,24,M,engineer,08034,Paul,Gutierrez,paul.gutierrez@yahoo.com,Drama,179,Cherry Hill
628,13,M,none,94306,Edward,Ross,edward.ross@outlook.com,Comedy,270,Palo Alto
629,46,F,other,44224,Melissa,Cook,melissa.cook@yahoo.com,Drama,528,Stow
630,26,F,healthcare,55408,Stacey,Owens,stacey.owens@gmail.com,Drama,476,Minneapolis
631,18,F,student,38866,Crystal,Orozco,crystal.orozco@gmail.com,Comedy,272,Saltillo
632,18,M,student,55454,Angel,Johnson,angel.johnson@outlook.com,Drama,96,Minneapolis
633,35,M,programmer,55414,Gerald,Thomas,gerald.thomas@outlook.com,Action,79,Minneapolis
634,39,M,engineer,T8H1N,Aaron,Wall,aaron.wall@yahoo.com,Drama,237,
635,22,M,other,23237,Larry,Newton,larry.newton@yahoo.com,Comedy,269,Richmond
636,47,M,educator,48043,Charles,Johnson,charles.johnson@gmail.com,Drama,222,Mount Clemens
637,30,M,other,74101,Michael,Nelson,michael.nelson@outlook.com,Drama,690,Tulsa
638,45,M,engineer,01940,Joshua,Hernandez,joshua.hernandez@outlook.com,Action,181,Lynnfield
639,42,F,librarian,12065,Shelly,Goodwin,shelly.goodwin@gmail.com,Drama,487,Clifton Park
640,20,M,student,61801,Glenn,Griffin,glenn.griffin@outlook.com,Comedy,941,Urbana
641,24,M,student,60626,William,Baldwin,william.baldwin@gmail.com,Drama,484,Chicago
642,18,F,student,95521,Jennifer,Jones,jennifer.jones@gmail.com,Comedy,1039,Arcata
643,39,M,scientist,55122,Thomas,Martinez,thomas.martinez@outlook.com,Comedy,56,Saint Paul
644,51,M,retired,63645,Jim,Flores,jim.flores@yahoo.com,Action,300,Fredericktown
645,27,M,programmer,53211,Nicholas,Mooney,nicholas.mooney@yahoo.com,Drama,179,Milwaukee
646,17,F,student,51250,Katherine,Campbell,katherine.campbell@gmail.com,Comedy,313,Sioux Center
647,40,M,educator,45810,Craig,Salazar,craig.salazar@gmail.com,Drama,22,Ada
648,43,M,engineer,91351,Alan,Kelly,alan.kelly@outlook.com,Comedy,96,Canyon Country
649,20,M,student,39762,Joseph,Nelson,joseph.nelson@yahoo.com,Action,1,Mississippi State
650,42,M,engineer,83814,Timothy,Meadows,timothy.meadows@yahoo.com,Drama,630,Coeur D Alene
651,65,M,retired,02903,Tracy,Freeman,tracy.freeman@gmail.com,Comedy,306,Providence
652,35,M,other,22911,Matthew,Luna,matthew.luna@yahoo.com,Comedy,699,Charlottesville
653,31,M,executive,55105,Phillip,Williams,phillip.williams@yahoo.com,Comedy,50,Saint Paul
654,27,F,student,78739,Amber,Gomez,amber.gomez@gmail.com,Comedy,318,Austin
655,50,F,healthcare,60657,Valerie,Moore,valerie.moore@yahoo.com,Drama,962,Chicago
656,48,M,educator,10314,Eric,Leon,eric.leon@gmail.com,Drama,896,Staten Island
657,26,F,none,78704,Sheryl,Beck,sheryl.beck@gmail.com,Drama,294,Austin
658,33,M,programmer,92626,Michael,Parker,michael.parker@yahoo.com,Drama,8,Costa Mesa
659,31,M,educator,54248,Matthew,Rasmussen,matthew.rasmussen@yahoo.com,Drama,507,
660,26,M,student,77380,Kevin,Barnes,kevin.barnes@outlook.com,Comedy,168,Spring
661,28,M,programmer,98121,Matthew,Kane,matthew.kane@outlook.com,Drama,132,Seattle
662,55,M,librarian,19102,Brian,Cunningham,brian.cunningham@outlook.com,Drama,6,Philadelphia
663,26,M,other,19341,John,Harding,john.harding@gmail.com,Drama,11,Exton
664,30,M,engineer,94115,Seth,Powers,seth.powers@outlook.com,Drama,89,San Francisco
665,25,M,administrator,55412,Brandon,Saunders,brandon.saunders@gmail.com,Drama,156,Minneapolis
666,44,M,administrator,61820,Joseph,Turner,joseph.turner@yahoo.com,Drama,183,Champaign
667,35,M,librarian,01970,Carlos,Cain,carlos.cain@yahoo.com,Drama,285,Salem
668,29,F,writer,10016,Heather,Smith,heather.smith@gmail.com,Drama,210,New York City
669,37,M,other,20009,Robert,Hodge,robert.hodge@yahoo.com,Drama,462,Washington
670,30,M,technician,21114,Scott,Molina,scott.molina@yahoo.com,Drama,482,Crofton
671,21,M,programmer,91919,Antonio,Hill,antonio.hill@gmail.com,Action,250,
672,54,F,administrator,90095,Tracy,Payne,tracy.payne@yahoo.com,Comedy,476,Los Angeles
673,51,M,educator,22906,James,Lopez,james.lopez@yahoo.com,Drama,344,Charlottesville
674,13,F,student,55337,Erin,Gross,erin.gross@outlook.com,Comedy,127,Burnsville
675,34,M,other,28814,Christian,Lawson,christian.lawson@gmail.com,Drama,306,Asheville
676,30,M,programmer,32712,Russell,Mercado,russell.mercado@yahoo.com,Comedy,265,Apopka
677,20,M,other,99835,Charles,Nixon,charles.nixon@gmail.com,Comedy,307,Sitka
678,50,M,educator,61462,Jeffrey,Moreno,jeffrey.moreno@gmail.com,Drama,1,Monmouth
679,20,F,student,54302,Brittney,Zimmerman,brittney.zimmerman@gmail.com,Comedy,181,Green Bay
680,33,M,lawyer,90405,Michael,Davis,michael.davis@outlook.com,Comedy,276,Santa Monica
681,44,F,marketing,97208,Angela,Stephens,angela.stephens@outlook.com,Drama,286,Portland
682,23,M,programmer,55128,Bryan,Knight,bryan.knight@yahoo.com,Comedy,924,Saint Paul
683,42,M,librarian,23509,Edgar,Torres,edgar.torres@gmail.com,Drama,511,Norfolk
684,28,M,student,55414,Justin,Carrillo,justin.carrillo@yahoo.com,Comedy,237,Minneapolis
685,32,F,librarian,55409,Michelle,Vasquez,michelle.vasquez@outlook.com,Drama,269,Minneapolis
686,32,M,educator,26506,Ricardo,Diaz,ricardo.diaz@gmail.com,Drama,98,Morgantown
687,31,F,healthcare,27713,Kellie,Spencer,kellie.spencer@outlook.com,Comedy,313,Durham
688,37,F,administrator,60476,Michaela,Fitzgerald,michaela.fitzgerald@outlook.com,Comedy,288,Thornton
689,25,M,other,45439,Justin,Morales,justin.morales@gmail.com,Action,7,Dayton
690,35,M,salesman,63304,James,Lam,james.lam@gmail.com,Comedy,218,Saint Charles
691,34,M,educator,60089,Brian,Simpson,brian.simpson@outlook.com,Drama,603,Buffalo Grove
692,34,M,engineer,18053,Tyler,Garcia,tyler.garcia@yahoo.com,Comedy,204,Germansville
693,43,F,healthcare,85210,Sarah,Hicks,sarah.hicks@outlook.com,Drama,357,Mesa
694,60,M,programmer,06365,Benjamin,Pennington,benjamin.pennington@gmail.com,Drama,191,Preston
695,26,M,writer,38115,Russell,Sullivan,russell.sullivan@yahoo.com,Drama,319,Memphis
696,55,M,other,94920,Marcus,Perez,marcus.perez@yahoo.com,Drama,523,Belvedere Tiburon
697,25,M,other,77042,Derrick,Fox,derrick.fox@yahoo.com,Comedy,713,Houston
698,28,F,programmer,06906,Elizabeth,Schroeder,elizabeth.schroeder@outlook.com,Drama,83,Stamford
699,44,M,other,96754,Brandon,Harris,brandon.harris@outlook.com,Drama,258,Kilauea
700,17,M,student,76309,Daniel,Daniel,daniel.daniel@yahoo.com,Action,181,Wichita Falls
701,51,F,librarian,56321,Carolyn,Gordon,carolyn.gordon@outlook.com,Drama,285,Collegeville
702,37,M,other,89104,Nathan,Johnson,nathan.johnson@gmail.com,Action,228,Las Vegas
703,26,M,educator,49512,Samuel,Gutierrez,samuel.gutierrez@gmail.com,Comedy,257,Grand Rapids
704,51,F,librarian,91105,Susan,Brown,susan.brown@outlook.com,Drama,205,Pasadena
705,21,F,student,54494,Anna,Willis,anna.willis@yahoo.com,Drama,1043,Wisconsin Rapids
706,23,M,student,55454,Randy,Gill,randy.gill@outlook.com,Comedy,50,Minneapolis
707,56,F,librarian,19146,Morgan,Cohen,morgan.cohen@gmail.com,Drama,531,Philadelphia
708,26,F,homemaker,96349,Colleen,Hill,colleen.hill@outlook.com,Comedy,1,
709,21,M,other,N4T1A,Jeremy,Carr,jeremy.carr@gmail.com,Drama,64,
710,19,M,student,92020,Oscar,Perez,oscar.perez@outlook.com,Drama,23,El Cajon
711,22,F,student,15203,Michele,Vasquez,michele.vasquez@yahoo.com,Drama,269,Pittsburgh
712,22,F,student,54901,Jacqueline,Davis,jacqueline.davis@outlook.com,Drama,731,Oshkosh
713,42,F,other,07204,Jeanette,Evans,jeanette.evans@outlook.com,Drama,344,Roselle Park
714,26,M,engineer,55343,Jay,Edwards,jay.edwards@outlook.com,Comedy,181,Hopkins
715,21,M,technician,91206,Russell,Martinez,russell.martinez@gmail.com,Comedy,202,Glendale
716,36,F,administrator,44265,Donna,Ruiz,donna.ruiz@gmail.com,Drama,318,Randolph
717,24,M,technician,84105,William,Hughes,william.hughes@outlook.com,Drama,287,Salt Lake City
718,42,M,technician,64118,Andrew,Henderson,andrew.henderson@outlook.com,Action,756,Kansas City
719,37,F,other,V0R2H,Amanda,Skinner,amanda.skinner@gmail.com,Drama,223,
720,49,F,administrator,16506,Victoria,Clayton,victoria.clayton@outlook.com,Drama,1062,Erie
721,24,F,entertainment,11238,Shelby,Dixon,shelby.dixon@yahoo.com,Drama,50,Brooklyn
722,50,F,homemaker,17331,Ashley,Morris,ashley.morris@yahoo.com,Comedy,151,Hanover
723,26,M,executive,94403,Jose,Johnson,jose.johnson@outlook.com,Drama,168,San Mateo
724,31,M,executive,40243,Christopher,Rollins,christopher.rollins@outlook.com,Drama,310,Louisville
725,21,M,student,91711,Brent,Lee,brent.lee@outlook.com,Drama,100,Claremont
726,25,F,administrator,80538,Tina,Barker,tina.barker@gmail.com,Comedy,1059,Loveland
727,25,M,student,78741,Sergio,Blair,sergio.blair@gmail.com,Comedy,433,Austin
728,58,M,executive,94306,Justin,Williams,justin.williams@gmail.com,Drama,100,Palo Alto
729,19,M,student,56567,Michael,Singleton,michael.singleton@yahoo.com,Comedy,354,New York Mills
730,31,F,scientist,32114,Lisa,Shepherd,lisa.shepherd@outlook.com,Drama,258,Daytona Beach
731,41,F,educator,70403,Sierra,Chaney,sierra.chaney@yahoo.com,Drama,197,Hammond
732,28,F,other,98405,Michaela,Davis,michaela.davis@gmail.com,Drama,873,Tacoma
733,44,F,other,60630,Gina,Higgins,gina.higgins@yahoo.com,Drama,19,Chicago
734,25,F,other,63108,Cassandra,Lopez,cassandra.lopez@yahoo.com,Drama,607,Saint Louis
735,29,F,healthcare,85719,Katherine,Vance,katherine.vance@outlook.com,Comedy,124,Tucson
736,48,F,writer,94618,Terri,Hebert,terri.hebert@outlook.com,Action,515,Oakland
737,30,M,programmer,98072,Daniel,Foster,daniel.foster@outlook.com,Drama,186,Woodinville
738,35,M,technician,95403,Philip,Walker,philip.walker@outlook.com,Comedy,318,Santa Rosa
739,35,M,technician,73162,Tony,Keith,tony.keith@gmail.com,Thriller,359,Oklahoma City
740,25,F,educator,22206,Amber,Harris,amber.harris@gmail.com,Comedy,286,Arlington
741,25,M,writer,63108,Jeff,Watts,jeff.watts@gmail.com,Comedy,98,Saint Louis
742,35,M,student,29210,Matthew,Campos,matthew.campos@yahoo.com,Drama,258,Columbia
743,31,M,programmer,92660,William,Murray,william.murray@gmail.com,Drama,224,Newport Beach
744,35,M,marketing,47024,James,Barnett,james.barnett@outlook.com,Drama,127,Laurel
745,42,M,writer,55113,Michael,Contreras,michael.contreras@yahoo.com,Drama,492,Saint Paul
746,25,M,engineer,19047,Robert,Logan,robert.logan@outlook.com,Action,181,Langhorne
747,19,M,other,93612,Andrew,Miller,andrew.miller@outlook.com,Drama,208,Clovis
748,28,M,administrator,94720,George,Collins,george.collins@gmail.com,Drama,174,Berkeley
749,33,M,other,80919,Kevin,Perez,kevin.perez@outlook.com,Drama,125,Colorado Springs
750,28,M,administrator,32303,John,Baker,john.baker@outlook.com,Comedy,286,Tallahassee
751,24,F,other,90034,Melissa,Barrett,melissa.barrett@outlook.com,Comedy,301,Los Angeles
752,60,M,retired,21201,Robert,Jones,robert.jones@yahoo.com,Drama,271,Baltimore
753,56,M,salesman,91206,Jeffery,Reed,jeffery.reed@gmail.com,Drama,515,Glendale
754,59,F,librarian,62901,Vanessa,Gray,vanessa.gray@outlook.com,Drama,276,Carbondale
755,44,F,educator,97007,Rhonda,Miller,rhonda.miller@yahoo.com,Drama,690,Beaverton
756,30,F,none,90247,Chelsea,Summers,chelsea.summers@gmail.com,Animation,603,Gardena
757,26,M,student,55104,Robert,Hall,robert.hall@yahoo.com,Action,4,Saint Paul
758,27,M,student,53706,Jonathan,Rice,jonathan.rice@gmail.com,Drama,135,Madison
759,20,F,student,68503,Melissa,Crawford,melissa.crawford@outlook.com,Action,1016,Lincoln
760,35,F,other,14211,Angela,Walker,angela.walker@yahoo.com,Comedy,1037,Buffalo
761,17,M,student,97302,Robert,Medina,robert.medina@gmail.com,Drama,546,Salem
762,32,M,administrator,95050,Thomas,Luna,thomas.luna@outlook.com,Drama,302,Santa Clara
763,27,M,scientist,02113,Aaron,Pena,aaron.pena@gmail.com,Drama,275,Boston
764,27,F,educator,62903,Kimberly,Hopkins,kimberly.hopkins@yahoo.com,Comedy,143,Carbondale
765,31,M,student,33066,William,Hill,william.hill@outlook.com,Drama,285,Pompano Beach
766,42,M,other,10960,John,Frazier,john.frazier@gmail.com,Drama,134,Nyack
767,70,M,engineer,00000,Mark,Boyd,mark.boyd@gmail.com,Drama,207,
768,29,M,administrator,12866,Nathan,Henderson,nathan.henderson@outlook.com,Drama,173,Saratoga Springs
769,39,M,executive,06927,Scott,Davis,scott.davis@yahoo.com,Comedy,269,Stamford
770,28,M,student,14216,Frank,Kelly,frank.kelly@gmail.com,Drama,508,Buffalo
771,26,M,student,15232,Dylan,Mcintyre,dylan.mcintyre@yahoo.com,Comedy,83,Pittsburgh
772,50,M,writer,27105,Anthony,Blake,anthony.blake@outlook.com,Drama,321,Winston Salem
773,20,M,student,55414,William,Collins,william.collins@outlook.com,Drama,169,Minneapolis
774,30,M,student,80027,Connor,Moon,connor.moon@yahoo.com,Comedy,179,Louisville
775,46,M,executive,90036,Stephen,Casey,stephen.casey@yahoo.com,Drama,345,Los Angeles
776,30,M,librarian,51157,Travis,Valdez,travis.valdez@outlook.com,Horror,234,
777,63,M,programmer,01810,Caleb,Miller,caleb.miller@outlook.com,Drama,168,Andover
778,34,M,student,01960,Tyler,Hernandez,tyler.hernandez@gmail.com,Comedy,11,Peabody
779,31,M,student,K7L5J,Michael,Patton,michael.patton@gmail.com,Comedy,181,
780,49,M,programmer,94560,Donald,Brown,donald.brown@outlook.com,Drama,662,Newark
781,20,M,student,48825,Benjamin,Combs,benjamin.combs@gmail.com,Drama,483,East Lansing
782,21,F,artist,33205,Lisa,Freeman,lisa.freeman@gmail.com,Drama,326,
783,30,M,marketing,77081,William,Guzman,william.guzman@outlook.com,Drama,346,Houston
784,47,M,administrator,91040,Jim,Garrett,jim.garrett@outlook.com,Drama,269,Sunland
785,32,M,engineer,23322,Scott,Macias,scott.macias@gmail.com,Comedy,183,Chesapeake
786,36,F,engineer,01754,Brandy,Parker,brandy.parker@gmail.com,Drama,200,Maynard
787,18,F,student,98620,Christina,Stone,christina.stone@gmail.com,Drama,310,Goldendale
788,51,M,administrator,05779,Francisco,Morris,francisco.morris@yahoo.com,Drama,98,
789,29,M,other,55420,Andrew,Green,andrew.green@yahoo.com,Drama,127,Minneapolis
790,27,M,technician,80913,Eric,Cameron,eric.cameron@gmail.com,Comedy,1063,Colorado Springs
791,31,M,educator,20064,Joel,Cain,joel.cain@gmail.com,Comedy,327,Washington
792,40,M,programmer,12205,Richard,Campbell,richard.campbell@outlook.com,Drama,1015,Albany
793,22,M,student,85281,Timothy,Hernandez,timothy.hernandez@outlook.com,Comedy,294,Tempe
794,32,M,educator,57197,Kevin,Owens,kevin.owens@gmail.com,Comedy,242,Sioux Falls
795,30,M,programmer,08610,David,Gilbert,david.gilbert@outlook.com,Comedy,100,Trenton
796,32,F,writer,33755,Mary,Davis,mary.davis@yahoo.com,Drama,87,Clearwater
797,44,F,other,62522,Kelly,Rice,kelly.rice@gmail.com,Comedy,50,Decatur
798,40,F,writer,64131,Tanya,Johnson,tanya.johnson@yahoo.com,Comedy,274,Kansas City
799,49,F,administrator,19716,Brittany,Howe,brittany.howe@outlook.com,Drama,479,Newark
800,25,M,programmer,55337,Taylor,Colon,taylor.colon@yahoo.com,Comedy,292,Burnsville
801,22,M,writer,92154,Michael,Barrett,michael.barrett@gmail.com,Horror,895,San Diego
802,35,M,administrator,34105,Michael,Green,michael.green@gmail.com,Horror,323,Naples
803,70,M,administrator,78212,Eric,Bradford,eric.bradford@outlook.com,Comedy,286,San Antonio
804,39,M,educator,61820,Edgar,Velasquez,edgar.velasquez@outlook.com,Comedy,82,Champaign
805,27,F,other,20009,Erica,Castro,erica.castro@outlook.com,Comedy,475,Washington
806,27,M,marketing,11217,Timothy,Davis,timothy.davis@yahoo.com,Drama,182,Brooklyn
807,41,F,healthcare,93555,Christina,Stewart,christina.stewart@outlook.com,Drama,419,Ridgecrest
808,45,M,salesman,90016,Richard,Boyd,richard.boyd@gmail.com,Drama,294,Los Angeles
809,50,F,marketing,30803,Stacy,Hernandez,stacy.hernandez@outlook.com,Drama,272,Avera
810,55,F,other,80526,Sabrina,Mason,sabrina.mason@gmail.com,Comedy,301,Fort Collins
811,40,F,educator,73013,Evelyn,Brown,evelyn.brown@gmail.com,Comedy,301,Edmond
812,22,M,technician,76234,Steven,Perkins,steven.perkins@yahoo.com,Action,294,Decatur
813,14,F,student,02136,Mary,Smith,mary.smith@outlook.com,Comedy,270,Hyde Park
814,30,M,other,12345,Zachary,Myers,zachary.myers@gmail.com,Horror,100,Schenectady
815,32,M,other,28806,Jose,Williams,jose.williams@gmail.com,Drama,173,Asheville
816,34,M,other,20755,Thomas,Marks,thomas.marks@outlook.com,Action,309,Fort George G Meade
817,19,M,student,60152,Tony,Cain,tony.cain@yahoo.com,Action,117,Marengo
818,28,M,librarian,27514,Timothy,Mckinney,timothy.mckinney@gmail.com,Action,302,Chapel Hill
819,59,M,administrator,40205,Tom,Gonzalez,tom.gonzalez@yahoo.com,Drama,1537,Louisville
820,22,M,student,37725,Brad,Kirby,brad.kirby@yahoo.com,Action,288,Dandridge
821,37,M,engineer,77845,Russell,Owens,russell.owens@yahoo.com,Drama,180,College Station
822,29,F,librarian,53144,Linda,Gonzalez,linda.gonzalez@gmail.com,Comedy,408,Kenosha
823,27,M,artist,50322,Gary,Harvey,gary.harvey@gmail.com,Drama,211,Urbandale
824,31,M,other,15017,Zachary,Duncan,zachary.duncan@outlook.com,Drama,268,Bridgeville
825,44,M,engineer,05452,Mark,Robinson,mark.robinson@yahoo.com,Comedy,423,Essex Junction
826,28,M,artist,77048,Michael,Hernandez,michael.hernandez@yahoo.com,Action,313,Houston
827,23,F,engineer,80228,Nicole,Martin,nicole.martin@gmail.com,Comedy,269,Denver
828,28,M,librarian,85282,David,Ferguson,david.ferguson@outlook.com,Drama,19,Tempe
829,48,M,writer,80209,Joseph,Maxwell,joseph.maxwell@gmail.com,Drama,192,Denver
830,46,M,programmer,53066,George,Roth,george.roth@gmail.com,Drama,69,Oconomowoc
831,21,M,other,33765,Gary,Gallagher,gary.gallagher@yahoo.com,Drama,96,Clearwater
832,24,M,technician,77042,Jason,Jones,jason.jones@gmail.com,Action,313,Houston
833,34,M,writer,90019,David,Holland,david.holland@gmail.com,Drama,340,Los Angeles
834,26,M,other,64153,Donald,Johnson,donald.johnson@gmail.com,Drama,269,Kansas City
835,44,F,executive,11577,Bianca,Crane,bianca.crane@yahoo.com,Drama,325,Roslyn Heights
836,44,M,artist,10018,Blake,Gillespie,blake.gillespie@outlook.com,Drama,12,New York City
837,36,F,artist,55409,Gloria,Navarro,gloria.navarro@outlook.com,Comedy,283,Minneapolis
838,23,M,student,01375,Joshua,Summers,joshua.summers@outlook.com,Comedy,173,Sunderland
839,38,F,entertainment,90814,Brooke,Soto,brooke.soto@gmail.com,Drama,475,Long Beach
840,39,M,artist,55406,Micheal,Daniels,micheal.daniels@gmail.com,Drama,845,Minneapolis
841,45,M,doctor,47401,Scott,Diaz,scott.diaz@gmail.com,Drama,331,Bloomington
842,40,M,writer,93055,James,Richardson,james.richardson@yahoo.com,Drama,268,
843,35,M,librarian,44212,Albert,Robinson,albert.robinson@gmail.com,Horror,183,Brunswick
844,22,M,engineer,95662,Mark,Rogers,mark.rogers@outlook.com,Comedy,50,Orangevale
845,64,M,doctor,97405,Terry,Compton,terry.compton@outlook.com,Drama,690,Eugene
846,27,M,lawyer,47130,Peter,Gonzalez,peter.gonzalez@yahoo.com,Drama,566,Jeffersonville
847,29,M,student,55417,David,Cervantes,david.cervantes@yahoo.com,Comedy,372,Minneapolis
848,46,M,engineer,02146,Joshua,Garcia,joshua.garcia@outlook.com,Drama,164,Brookline
849,15,F,student,25652,Maria,Robinson,maria.robinson@gmail.com,Drama,928,Whitman
850,34,M,technician,78390,Scott,Howard,scott.howard@outlook.com,Comedy,204,Taft
851,18,M,other,29646,Zachary,Lyons,zachary.lyons@gmail.com,Comedy,693,Greenwood
852,46,M,administrator,94086,Charles,Williams,charles.williams@gmail.com,Action,408,Sunnyvale
853,49,M,writer,40515,John,Reese,john.reese@outlook.com,Drama,300,Lexington
854,29,F,student,55408,Leslie,Ortiz,leslie.ortiz@gmail.com,Drama,318,Minneapolis
855,53,M,librarian,04988,James,Johnson,james.johnson@yahoo.com,Drama,198,Unity
856,43,F,marketing,97215,Nancy,Martin,nancy.martin@yahoo.com,Drama,750,Portland
857,35,F,administrator,V1G4L,Kelsey,Rios,kelsey.rios@yahoo.com,Drama,898,
858,63,M,educator,09645,Kevin,Krause,kevin.krause@gmail.com,Drama,9,
859,18,F,other,06492,Tina,Gonzalez,tina.gonzalez@gmail.com,Drama,249,Wallingford
860,70,F,retired,48322,Laura,Hayes,laura.hayes@gmail.com,Drama,514,West Bloomfield
861,38,F,student,14085,Jodi,Reeves,jodi.reeves@gmail.com,Drama,170,Lake View
862,25,M,executive,13820,Travis,Mercer,travis.mercer@yahoo.com,Drama,50,Oneonta
863,17,M,student,60089,Jacob,Hernandez,jacob.hernandez@outlook.com,Drama,902,Buffalo Grove
864,27,M,programmer,63021,Daniel,Medina,daniel.medina@gmail.com,Comedy,408,Ballwin
865,25,M,artist,11231,Robert,Castillo,robert.castillo@gmail.com,Comedy,7,Brooklyn
866,45,M,other,60302,Joshua,Vargas,joshua.vargas@outlook.com,Drama,319,Oak Park
867,24,M,scientist,92507,Stephen,Perry,stephen.perry@gmail.com,Drama,480,Riverside
868,21,M,programmer,55303,James,Delgado,james.delgado@yahoo.com,Comedy,206,Anoka
869,30,M,student,10025,Charles,Hudson,charles.hudson@gmail.com,Comedy,412,New York City
870,22,M,student,65203,Christopher,James,christopher.james@outlook.com,Drama,603,Columbia
871,31,M,executive,44648,Henry,Jarvis,henry.jarvis@yahoo.com,Drama,174,Massillon
872,19,F,student,74078,Destiny,Yu,destiny.yu@gmail.com,Comedy,288,Stillwater
873,48,F,administrator,33763,Monica,Brown,monica.brown@gmail.com,Comedy,292,Clearwater
874,36,M,scientist,37076,Raymond,Phillips,raymond.phillips@gmail.com,Drama,357,Hermitage
875,24,F,student,35802,Alexandra,Scott,alexandra.scott@yahoo.com,Drama,772,Huntsville
876,41,M,other,20902,Anthony,Walters,anthony.walters@yahoo.com,Drama,48,Silver Spring
877,30,M,other,77504,Michael,Adams,michael.adams@yahoo.com,Drama,515,Pasadena
878,50,F,educator,98027,Dawn,Bridges,dawn.bridges@yahoo.com,Drama,427,Issaquah
879,33,F,administrator,55337,Ashley,Chambers,ashley.chambers@outlook.com,Comedy,763,Burnsville
880,13,M,student,83702,Nathan,Blevins,nathan.blevins@yahoo.com,Comedy,651,Boise
881,39,M,marketing,43017,Andrew,Moore,andrew.moore@gmail.com,Comedy,663,Dublin
882,35,M,engineer,40503,Travis,Stephens,travis.stephens@yahoo.com,Comedy,193,Lexington
883,49,M,librarian,50266,Alan,Ramirez,alan.ramirez@gmail.com,Drama,7,West Des Moines
884,44,M,engineer,55337,Carl,Skinner,carl.skinner@yahoo.com,Drama,9,Burnsville
885,30,F,other,95316,Kelly,Brewer,kelly.brewer@yahoo.com,Comedy,210,Denair
886,20,M,student,61820,Richard,Vaughn,richard.vaughn@outlook.com,Comedy,147,Champaign
887,14,F,student,27249,Melissa,Mata,melissa.mata@yahoo.com,Comedy,1015,Gibsonville
888,41,M,scientist,17036,Todd,Farrell,todd.farrell@outlook.com,Comedy,269,Hummelstown
889,24,M,technician,78704,Joshua,Peters,joshua.peters@yahoo.com,Drama,1589,Austin
890,32,M,student,97301,Frank,Wise,frank.wise@gmail.com,Drama,172,Salem
891,51,F,administrator,03062,Michelle,Freeman,michelle.freeman@gmail.com,Drama,281,Nashua
892,36,M,other,45243,Scott,Johnson,scott.johnson@outlook.com,Drama,134,Cincinnati
893,25,M,student,95823,Henry,Jordan,henry.jordan@outlook.com,Comedy,56,Sacramento
894,47,M,educator,74075,William,Barrera,william.barrera@yahoo.com,Drama,863,Stillwater
895,31,F,librarian,32301,Rebecca,Moreno,rebecca.moreno@gmail.com,Comedy,181,Tallahassee
896,28,M,writer,91505,Christopher,Walker,christopher.walker@outlook.com,Drama,525,Burbank
897,30,M,other,33484,Stephen,Jones,stephen.jones@gmail.com,Comedy,1,Delray Beach
898,23,M,homemaker,61755,Jonathan,Shannon,jonathan.shannon@gmail.com,Comedy,319,Mackinaw
899,32,M,other,55116,Steven,Orr,steven.orr@outlook.com,Comedy,694,Saint Paul
900,60,M,retired,18505,George,Carson,george.carson@yahoo.com,Drama,589,Scranton
901,38,M,executive,L1V3W,Dale,Mendez,dale.mendez@gmail.com,Comedy,22,
902,45,F,artist,97203,Brenda,Martin,brenda.martin@gmail.com,Action,318,Portland
903,28,M,educator,20850,Michael,Jones,michael.jones@yahoo.com,Drama,100,Rockville
904,17,F,student,61073,Natalie,Wright,natalie.wright@yahoo.com,Comedy,289,Roscoe
905,27,M,other,30350,Robert,Ford,robert.ford@yahoo.com,Comedy,302,Atlanta
906,45,M,librarian,70124,Anthony,Davis,anthony.davis@yahoo.com,Drama,628,New Orleans
907,25,F,other,80526,Julia,Nichols,julia.nichols@outlook.com,Drama,763,Fort Collins
908,44,F,librarian,68504,Katherine,Smith,katherine.smith@gmail.com,Comedy,98,Lincoln
909,50,F,educator,53171,April,Gordon,april.gordon@gmail.com,Drama,582,Somers
910,28,M,healthcare,29301,Steven,Edwards,steven.edwards@outlook.com,Drama,50,Spartanburg
911,37,F,writer,53210,Lori,Edwards,lori.edwards@outlook.com,Drama,435,Milwaukee
912,51,M,other,06512,Nicholas,Green,nicholas.green@outlook.com,Drama,132,East Haven
913,27,M,student,76201,Anthony,Brooks,anthony.brooks@yahoo.com,Drama,58,Denton
914,44,F,other,08105,Audrey,Gaines,audrey.gaines@yahoo.com,Comedy,155,Camden
915,50,M,entertainment,60614,Jason,Huber,jason.huber@outlook.com,Drama,268,Chicago
916,27,M,engineer,N2L5N,David,Jordan,david.jordan@yahoo.com,Drama,100,
917,22,F,student,20006,Sara,Williams,sara.williams@gmail.com,Drama,740,Washington
918,40,M,scientist,70116,Brian,Buchanan,brian.buchanan@yahoo.com,Drama,428,New Orleans
919,25,M,other,14216,Jonathan,Griffin,jonathan.griffin@yahoo.com,Drama,1101,Buffalo
920,30,F,artist,90008,Savannah,Brown,savannah.brown@outlook.com,Drama,313,Los Angeles
921,20,F,student,98801,Susan,Reyes,susan.reyes@outlook.com,Comedy,313,Wenatchee
922,29,F,administrator,21114,Paula,Allen,paula.allen@gmail.com,Comedy,89,Crofton
923,21,M,student,E2E3R,Jon,Coleman,jon.coleman@outlook.com,Comedy,333,
924,29,M,other,11753,Donald,White,donald.white@outlook.com,Drama,174,Jericho
925,18,F,salesman,49036,Christina,Mckee,christina.mckee@yahoo.com,Horror,288,Coldwater
926,49,M,entertainment,01701,Marcus,Moody,marcus.moody@yahoo.com,Drama,272,Framingham
927,23,M,programmer,55428,Kelly,Zimmerman,kelly.zimmerman@yahoo.com,Comedy,222,Minneapolis
928,21,M,student,55408,Alex,Alvarez,alex.alvarez@outlook.com,Drama,8,Minneapolis
929,44,M,scientist,53711,Nicholas,Campbell,nicholas.campbell@yahoo.com,Drama,89,Madison
930,28,F,scientist,07310,Kristy,Clark,kristy.clark@outlook.com,Comedy,126,Jersey City
931,60,M,educator,33556,Brian,Lee,brian.lee@gmail.com,Drama,275,Odessa
932,58,M,educator,06437,Arthur,Dickson,arthur.dickson@yahoo.com,Drama,135,Guilford
933,28,M,student,48105,John,Watson,john.watson@outlook.com,Comedy,64,Ann Arbor
934,61,M,engineer,22902,Aaron,Reyes,aaron.reyes@outlook.com,Drama,50,Charlottesville
935,42,M,doctor,66221,Randall,Lowe,randall.lowe@gmail.com,Drama,742,Shawnee Mission
936,24,M,other,32789,James,Jones,james.jones@outlook.com,Drama,236,Winter Park
937,48,M,educator,98072,Ian,Carter,ian.carter@outlook.com,Drama,9,Woodinville
938,38,F,technician,55038,Sarah,Franklin,sarah.franklin@outlook.com,Comedy,313,Hugo
939,26,F,student,33319,Sydney,Hernandez,sydney.hernandez@gmail.com,Comedy,689,Fort Lauderdale
940,32,M,administrator,02215,Nicholas,Fischer,nicholas.fischer@outlook.com,Drama,96,Boston
941,20,M,student,97229,Ronald,Adams,ronald.adams@gmail.com,Comedy,124,Portland
942,48,F,librarian,78209,Leah,Andrews,leah.andrews@outlook.com,Drama,423,San Antonio
943,22,M,student,77841,Patrick,Carpenter,patrick.carpenter@gmail.com,Comedy,186,College Station
